Timestamp,Solar Voltage (V),Solar Current (A),Battery Voltage (V),Battery Current (A),Load Voltage (V),Load Current (A),Battery Temp (C),Battery SOC,Solar Power (W),Battery Power (W),Load Power (W),Accumulated Precip,Dew Point,Feels Like,Humidity,Precip,Pressure,Sky Cover,Solar Radiation,Temperature,Wind,Wind Direction,Wind Gusts
2025-06-06 17:16:23.311310+00:00,19.34,0.19,14.4,0.0,14.4,0.26,24.27,100,3.675,0.0,3.744,0,72.1,100.3,52,0,29.8,44,849,92.3,0,359,1.1
2025-06-06 17:17:05.373585+00:00,20.41,0.18,14.4,0.0,14.4,0.26,24.21,100,3.674,0.0,3.744,0,72.1,100.3,52,0,29.8,44,849,92.3,0,359,1.1
2025-06-06 17:17:41.790676+00:00,18.92,0.18,14.4,-0.02,14.4,0.26,24.18,100,3.406,-0.288,3.744,0,72.1,100.3,52,0,29.8,44,849,92.3,0,359,1.1
2025-06-06 17:18:17.243440+00:00,18.88,0.18,14.4,-0.02,14.4,0.26,24.14,100,3.398,-0.288,3.744,0,72.1,100.3,52,0,29.8,44,849,92.3,0,359,1.1
2025-06-06 17:18:56.554956+00:00,19.38,0.17,14.4,-0.02,14.4,0.26,24.1,100,3.295,-0.288,3.744,0,72.1,100.3,52,0,29.8,44,849,92.3,0,359,1.1
2025-06-06 17:19:27.963162+00:00,19.79,0.17,14.4,-0.02,14.4,0.26,24.09,100,3.364,-0.288,3.744,0,72.1,100.3,52,0,29.8,44,849,92.3,0,359,1.1
2025-06-06 17:19:52.479452+00:00,19.42,0.17,14.4,-0.02,14.4,0.26,24.09,100,3.301,-0.288,3.744,0,72.1,100.3,52,0,29.8,44,849,92.3,0,359,1.1
2025-06-06 17:20:16.216116+00:00,19.38,0.17,14.4,-0.02,14.4,0.26,24.08,100,3.295,-0.288,3.744,0,72.1,100.3,52,0,29.8,44,849,92.3,0,359,1.1
2025-06-06 17:20:49.793908+00:00,20.54,0.16,14.4,-0.02,14.4,0.26,24.06,100,3.286,-0.288,3.744,0,72.1,100.3,52,0,29.8,44,849,92.3,0,359,1.1
2025-06-06 17:21:28.575996+00:00,20.46,0.16,14.4,-0.02,14.4,0.26,24.04,100,3.274,-0.288,3.744,0,72.1,100.3,52,0,29.8,44,849,92.3,0,359,1.1
2025-06-06 17:22:07.293466+00:00,20.46,0.16,14.4,-0.02,14.4,0.26,24.02,100,3.274,-0.288,3.744,0,70.7,100.3,48,0,29.81,19,857,93.4,0.4,322,1.1
2025-06-06 17:22:49.121321+00:00,19.09,0.18,14.4,-0.02,14.4,0.26,24.01,100,3.436,-0.288,3.744,0,70.7,100.3,48,0,29.81,19,857,93.4,0.4,322,1.1
2025-06-06 17:23:27.151012+00:00,19.01,0.18,14.4,-0.02,14.4,0.26,24.0,100,3.422,-0.288,3.744,0,70.7,100.3,48,0,29.81,19,857,93.4,0.4,322,1.1
2025-06-06 17:24:07.369528+00:00,20.12,0.17,14.4,-0.02,14.4,0.26,23.98,100,3.42,-0.288,3.744,0,70.7,100.3,48,0,29.81,19,857,93.4,0.4,322,1.1
2025-06-06 17:24:51.530078+00:00,19.71,0.17,14.4,-0.02,14.4,0.26,23.96,100,3.351,-0.288,3.744,0,70.7,100.3,48,0,29.81,19,857,93.4,0.4,322,1.1
2025-06-06 17:25:34.766020+00:00,20.41,0.16,14.4,-0.02,14.4,0.26,23.95,100,3.266,-0.288,3.744,0,70.7,100.3,48,0,29.81,19,857,93.4,0.4,322,1.1
2025-06-06 17:26:14.879300+00:00,20.25,0.17,14.4,-0.02,14.4,0.26,23.93,100,3.443,-0.288,3.744,0,70.7,100.3,48,0,29.81,19,857,93.4,0.4,322,1.1
2025-06-06 17:26:54.791881+00:00,20.25,0.17,14.4,-0.02,14.4,0.26,23.92,100,3.443,-0.288,3.744,0,70.7,100.3,48,0,29.81,19,857,93.4,0.4,322,1.1
2025-06-06 17:27:33.364445+00:00,20.21,0.17,14.4,-0.02,14.4,0.26,23.9,100,3.436,-0.288,3.744,0,70.7,100.3,48,0,29.81,19,857,93.4,0.4,322,1.1
2025-06-06 17:28:12.032803+00:00,20.12,0.15,14.4,-0.02,14.4,0.26,23.91,100,3.018,-0.288,3.744,0,70.7,100.3,48,0,29.81,19,857,93.4,0.4,322,1.1
2025-06-06 17:28:50.905561+00:00,20.08,0.17,14.4,-0.02,14.4,0.26,23.89,100,3.414,-0.288,3.744,0,70.7,100.3,48,0,29.81,19,857,93.4,0.4,322,1.1
2025-06-06 17:29:46.184750+00:00,18.76,0.49,12.62,-3.36,12.64,4.09,23.88,56,9.192,-42.403,51.698,0,70.7,100.3,48,0,29.81,19,857,93.4,0.4,322,1.1
2025-06-06 17:30:25.212091+00:00,18.43,0.51,12.58,-3.4,12.58,4.15,23.91,54,9.399,-42.772,52.207,0,70.7,100.3,48,0,29.81,19,857,93.4,0.4,322,1.1
2025-06-06 17:31:03.883390+00:00,19.42,0.45,12.56,-3.38,12.56,4.09,23.94,53,8.739,-42.453,51.37,0,70.7,100.3,48,0,29.81,19,857,93.4,0.4,322,1.1
2025-06-06 17:31:42.347373+00:00,18.14,0.53,12.53,-3.31,12.56,4.09,23.97,53,9.614,-41.474,51.37,0,70.7,100.3,48,0,29.81,19,857,93.4,0.4,322,1.1
2025-06-06 17:32:21.162376+00:00,18.76,0.53,12.53,-3.45,12.53,4.25,23.99,52,9.943,-43.228,53.252,0,70.7,100.3,48,0,29.81,19,857,93.4,0.4,322,1.1
2025-06-06 17:33:02.372452+00:00,18.01,0.55,12.56,-3.41,12.53,4.21,24.02,53,9.906,-42.83,52.751,0,71.2,101.4,48,0,29.8,19,895,93.9,0.2,233,1.1
2025-06-06 17:33:45.427210+00:00,15.61,0.37,12.45,-4.06,12.41,4.53,24.04,49,5.776,-50.547,56.217,0,71.2,101.4,48,0,29.8,19,895,93.9,0.2,233,1.1
2025-06-06 17:34:27.381715+00:00,18.43,0.55,12.53,-3.45,12.53,4.27,24.07,52,10.136,-43.228,53.503,0,71.2,101.4,48,0,29.8,19,895,93.9,0.2,233,1.1
2025-06-06 17:35:10.258350+00:00,19.17,0.51,12.56,-3.29,12.56,4.09,24.09,53,9.777,-41.322,51.37,0,71.2,101.4,48,0,29.8,19,895,93.9,0.2,233,1.1
2025-06-06 17:35:54.135235+00:00,18.63,0.53,12.58,-3.23,12.58,4.03,24.1,54,9.874,-40.633,50.697,0,71.2,101.4,48,0,29.8,19,895,93.9,0.2,233,1.1
2025-06-06 17:36:33.857187+00:00,18.18,0.5,12.56,-3.34,12.56,4.07,24.12,53,9.09,-41.95,51.119,0,71.2,101.4,48,0,29.8,19,895,93.9,0.2,233,1.1
2025-06-06 17:37:12.502070+00:00,19.54,0.44,12.56,-3.82,12.49,4.49,24.13,53,8.598,-47.979,56.08,0,71.2,101.4,48,0,29.8,19,895,93.9,0.2,233,1.1
2025-06-06 17:37:52.700070+00:00,19.01,0.48,12.56,-3.32,12.56,4.05,24.16,53,9.125,-41.699,50.868,0,71.2,101.4,48,0,29.8,19,895,93.9,0.2,233,1.1
2025-06-06 17:38:33.545729+00:00,18.43,0.48,12.47,-3.82,12.47,4.53,24.18,50,8.846,-47.635,56.489,0,71.2,101.4,48,0,29.8,19,895,93.9,0.2,233,1.1
2025-06-06 17:39:18.985867+00:00,19.25,0.44,12.53,-3.88,12.45,4.57,24.21,52,8.47,-48.616,56.897,0,71.2,101.4,48,0,29.8,19,895,93.9,0.2,233,1.1
2025-06-06 17:39:57.867984+00:00,19.05,0.46,12.56,-3.36,12.56,4.05,24.22,53,8.763,-42.202,50.868,0,71.2,101.4,48,0,29.8,19,895,93.9,0.2,233,1.1
2025-06-06 17:40:37.097791+00:00,20.12,0.34,12.53,-3.42,12.58,3.97,24.22,52,6.841,-42.853,49.943,0,71.2,101.4,48,0,29.8,19,895,93.9,0.2,233,1.1
2025-06-06 17:41:15.552421+00:00,19.25,0.46,12.49,-3.76,12.49,4.47,24.23,51,8.855,-46.962,55.83,0,71.2,101.4,48,0,29.8,19,895,93.9,0.2,233,1.1
2025-06-06 17:41:54.241533+00:00,19.5,0.44,12.49,-3.76,12.49,4.45,24.23,51,8.58,-46.962,55.581,0,71.2,101.4,48,0,29.8,19,895,93.9,0.2,233,1.1
2025-06-06 17:42:34.685957+00:00,18.96,0.46,12.51,-3.28,12.58,3.99,24.24,52,8.722,-41.033,50.194,0,71.2,101.4,48,0,29.8,19,895,93.9,0.2,233,1.1
2025-06-06 17:43:13.245126+00:00,18.43,0.48,12.47,-3.46,12.53,4.17,24.25,50,8.846,-43.146,52.25,0,71.2,101.4,48,0,29.8,19,895,93.9,0.2,233,1.1
2025-06-06 17:43:52.072737+00:00,19.25,0.46,12.58,-3.32,12.58,4.03,24.26,54,8.855,-41.766,50.697,0,72.2,102.9,49,0,29.8,44,898,94.3,0,346,1.1
2025-06-06 17:44:30.687025+00:00,19.79,0.45,12.56,-3.36,12.56,4.07,24.26,53,8.905,-42.202,51.119,0,72.2,102.9,49,0,29.8,44,898,94.3,0,346,1.1
2025-06-06 17:45:09.118257+00:00,19.71,0.46,12.58,-3.28,12.58,4.01,24.26,54,9.067,-41.262,50.446,0,72.2,102.9,49,0,29.8,44,898,94.3,0,346,1.1
2025-06-06 17:45:47.495320+00:00,19.5,0.47,12.6,-3.3,12.6,4.03,24.26,55,9.165,-41.58,50.778,0,72.2,102.9,49,0,29.8,44,898,94.3,0,346,1.1
2025-06-06 17:46:26.899036+00:00,20.21,0.39,12.53,-3.48,12.58,4.11,24.27,52,7.882,-43.604,51.704,0,72.2,102.9,49,0,29.8,44,898,94.3,0,346,1.1
2025-06-06 17:47:05.226718+00:00,18.47,0.49,12.58,-3.36,12.58,4.09,24.28,54,9.05,-42.269,51.452,0,72.2,102.9,49,0,29.8,44,898,94.3,0,346,1.1
2025-06-06 17:47:43.720364+00:00,19.59,0.57,12.6,-3.17,12.6,4.07,24.29,55,11.166,-39.942,51.282,0,72.2,102.9,49,0,29.8,44,898,94.3,0,346,1.1
2025-06-06 17:48:22.530258+00:00,19.88,0.57,12.6,-3.17,12.6,4.07,24.29,55,11.332,-39.942,51.282,0,72.2,102.9,49,0,29.8,44,898,94.3,0,346,1.1
2025-06-06 17:49:00.830334+00:00,19.42,0.62,12.62,-3.05,12.6,4.13,24.28,56,12.04,-38.491,52.038,0,72.2,102.9,49,0,29.8,44,898,94.3,0,346,1.1
2025-06-06 17:49:41.532900+00:00,19.96,0.57,12.51,-3.15,12.62,4.07,24.29,52,11.377,-39.407,51.363,0,72.2,102.9,49,0,29.8,44,898,94.3,0,346,1.1
2025-06-06 17:50:22.212133+00:00,20.08,0.69,12.64,-2.97,12.66,4.07,24.28,56,13.855,-37.541,51.526,0,72.2,102.9,49,0,29.8,44,898,94.3,0,346,1.1
2025-06-06 17:51:01.462519+00:00,18.72,0.64,12.6,-3.25,12.6,4.21,24.28,55,11.981,-40.95,53.046,0,72.2,102.9,49,0,29.8,44,898,94.3,0,346,1.1
2025-06-06 17:51:40.513541+00:00,20.0,0.67,12.56,-3.26,12.6,4.55,24.28,55,13.4,-40.946,57.33,0,72.2,102.9,49,0,29.8,44,898,94.3,0,346,1.1
2025-06-06 17:52:25.756389+00:00,19.54,0.83,12.68,-3.0,12.64,4.13,24.27,58,16.218,-38.04,52.203,0,72.2,102.9,49,0,29.8,44,898,94.3,0,346,1.1
2025-06-06 17:53:05.134638+00:00,16.44,0.83,12.64,-2.85,12.66,4.05,24.28,56,13.645,-36.024,51.273,0,72.2,102.9,49,0,29.8,44,898,94.3,0,346,1.1
2025-06-06 17:53:46.692258+00:00,19.59,1.01,12.77,-2.35,12.77,3.95,24.27,61,19.786,-30.009,50.441,0,72.2,102.9,49,0,29.8,44,898,94.3,0,346,1.1
2025-06-06 17:54:24.559477+00:00,19.17,1.09,12.79,-2.23,12.79,3.87,24.26,62,20.895,-28.522,49.497,0,71.6,101.6,49,0,29.79,44,832,93.7,0,343,1.1
2025-06-06 17:55:02.198108+00:00,18.96,1.07,12.79,-2.49,12.77,4.09,24.26,62,20.287,-31.847,52.229,0,71.6,101.6,49,0,29.79,44,832,93.7,0,343,1.1
2025-06-06 17:55:40.408212+00:00,19.88,1.08,12.79,-2.31,12.77,4.25,24.26,62,21.47,-29.545,54.273,0,71.6,101.6,49,0,29.79,44,832,93.7,0,343,1.1
2025-06-06 17:56:18.215059+00:00,19.54,1.33,12.81,-2.14,12.86,4.17,24.25,63,25.988,-27.413,53.626,0,71.6,101.6,49,0,29.79,44,832,93.7,0,343,1.1
2025-06-06 17:56:56.274189+00:00,17.43,0.95,12.71,-2.78,12.71,4.05,24.25,59,16.558,-35.334,51.476,0,71.6,101.6,49,0,29.79,44,832,93.7,0,343,1.1
2025-06-06 17:57:36.038876+00:00,18.09,1.38,12.83,-1.76,12.9,3.91,24.24,66,24.964,-22.581,50.439,0,71.6,101.6,49,0,29.79,44,832,93.7,0,343,1.1
2025-06-06 17:58:16.677823+00:00,17.97,0.89,12.62,-3.3,12.62,4.57,24.24,56,15.993,-41.646,57.673,0,71.6,101.6,49,0,29.79,44,832,93.7,0,343,1.1
2025-06-06 17:58:57.753196+00:00,18.84,1.57,12.94,-1.7,12.88,3.99,24.23,67,29.579,-21.998,51.391,0,71.6,101.6,49,0,29.79,44,832,93.7,0,343,1.1
2025-06-06 17:59:35.630602+00:00,19.13,2.08,13.07,-0.86,13.09,3.91,24.23,72,39.79,-11.24,51.182,0,71.6,101.6,49,0,29.79,44,832,93.7,0,343,1.1
2025-06-06 18:00:14.166600+00:00,19.38,2.09,13.11,-0.88,13.09,3.83,24.22,73,40.504,-11.537,50.135,0,71.6,101.6,49,0,29.79,44,832,93.7,0,343,1.1
2025-06-06 18:00:52.361945+00:00,18.72,1.95,13.05,-1.5,13.03,4.31,24.21,71,36.504,-19.575,56.159,0,71.6,101.6,49,0,29.79,44,832,93.7,0,343,1.1
2025-06-06 18:01:30.745940+00:00,19.09,2.19,13.11,-0.71,13.13,3.91,24.2,74,41.807,-9.308,51.338,0,71.6,101.6,49,0,29.79,44,832,93.7,0,343,1.1
2025-06-06 18:02:10.923305+00:00,18.88,2.31,13.16,-1.15,13.05,4.43,24.21,76,43.613,-15.134,57.812,0,71.6,101.6,49,0,29.79,44,832,93.7,0,343,1.1
2025-06-06 18:02:49.539707+00:00,18.67,2.42,13.11,-0.77,13.13,4.21,24.2,74,45.181,-10.095,55.277,0,71.6,101.6,49,0,29.79,44,832,93.7,0,343,1.1
2025-06-06 18:03:25.951825+00:00,18.72,2.51,13.24,-0.34,13.22,4.11,24.18,76,46.987,-4.502,54.334,0,71.6,101.6,49,0,29.79,44,832,93.7,0,343,1.1
2025-06-06 18:04:05.145415+00:00,18.63,2.58,13.13,-0.76,13.13,4.43,24.17,74,48.065,-9.979,58.166,0,71.6,101.6,49,0,29.79,44,832,93.7,0,343,1.1
2025-06-06 18:04:50.459188+00:00,18.55,2.54,13.2,-0.32,13.24,3.89,24.18,77,47.117,-4.224,51.504,0,71.2,101.4,48,0,29.8,19,788,93.9,0,337,1.1
2025-06-06 18:05:29.996415+00:00,18.84,2.56,13.16,-0.76,13.16,4.43,24.17,76,48.23,-10.002,58.299,0,71.2,101.4,48,0,29.8,19,788,93.9,0,337,1.1
2025-06-06 18:06:11.258880+00:00,18.22,2.8,13.26,-0.49,13.2,4.45,24.16,79,51.016,-6.497,58.74,0,71.2,101.4,48,0,29.8,19,788,93.9,0,337,1.1
2025-06-06 18:06:49.693104+00:00,18.22,2.96,13.26,-0.27,13.26,4.35,24.16,79,53.931,-3.58,57.681,0,71.2,101.4,48,0,29.8,19,788,93.9,0,337,1.1
2025-06-06 18:07:29.379483+00:00,17.97,3.14,13.39,0.17,13.35,4.05,24.16,84,56.426,2.276,54.067,0,71.2,101.4,48,0,29.8,19,788,93.9,0,337,1.1
2025-06-06 18:08:07.360429+00:00,17.93,2.04,13.03,-1.54,13.01,4.35,24.16,71,36.577,-20.066,56.593,0,71.2,101.4,48,0,29.8,19,788,93.9,0,337,1.1
2025-06-06 18:08:46.843059+00:00,18.38,3.06,13.37,0.35,13.39,3.85,24.16,83,56.243,4.679,51.552,0,71.2,101.4,48,0,29.8,19,788,93.9,0,337,1.1
2025-06-06 18:09:25.897886+00:00,18.38,3.18,13.41,0.5,13.44,3.87,24.16,85,58.448,6.705,52.013,0,71.2,101.4,48,0,29.8,19,788,93.9,0,337,1.1
2025-06-06 18:10:03.511196+00:00,17.89,3.41,13.48,0.58,13.46,3.95,24.16,87,61.005,7.818,53.167,0,71.2,101.4,48,0,29.8,19,788,93.9,0,337,1.1
2025-06-06 18:10:40.772730+00:00,17.18,3.47,13.46,0.4,13.46,4.03,24.16,87,59.615,5.384,54.244,0,71.2,101.4,48,0,29.8,19,788,93.9,0,337,1.1
2025-06-06 18:11:17.984636+00:00,18.18,3.39,13.5,0.72,13.5,3.81,24.16,88,61.63,9.72,51.435,0,71.2,101.4,48,0,29.8,19,788,93.9,0,337,1.1
2025-06-06 18:11:55.323649+00:00,17.02,3.57,13.48,0.77,13.5,3.74,24.16,87,60.761,10.38,50.49,0,71.2,101.4,48,0,29.8,19,788,93.9,0,337,1.1
2025-06-06 18:12:33.528412+00:00,17.85,3.57,13.52,0.81,13.52,3.93,24.17,89,63.724,10.951,53.134,0,71.2,101.4,48,0,29.8,19,788,93.9,0,337,1.1
2025-06-06 18:13:11.896680+00:00,16.85,3.73,13.52,0.41,13.46,4.25,24.17,89,62.851,5.543,57.205,0,71.2,101.4,48,0,29.8,19,788,93.9,0,337,1.1
2025-06-06 18:13:51.696509+00:00,17.6,3.72,13.54,1.03,13.56,3.81,24.17,90,65.472,13.946,51.664,0,71.2,101.4,48,0,29.8,19,788,93.9,0,337,1.1
2025-06-06 18:14:29.712921+00:00,16.85,3.81,13.5,0.93,13.56,3.87,24.17,88,64.199,12.555,52.477,0,71.2,101.4,48,0,29.8,19,788,93.9,0,337,1.1
2025-06-06 18:15:07.982306+00:00,17.85,3.61,13.54,0.63,13.48,4.13,24.17,90,64.439,8.53,55.672,0,70.6,100.8,47,0,29.8,19,803,93.9,0,27,1.1
2025-06-06 18:15:45.886993+00:00,17.23,3.83,13.59,1.01,13.59,3.85,24.17,91,65.991,13.726,52.322,0,70.6,100.8,47,0,29.8,19,803,93.9,0,27,1.1
2025-06-06 18:16:24.550806+00:00,17.06,3.74,13.5,0.63,13.5,4.05,24.18,88,63.804,8.505,54.675,0,70.6,100.8,47,0,29.8,19,803,93.9,0,27,1.1
2025-06-06 18:17:02.344276+00:00,16.98,3.92,13.59,0.95,13.59,3.87,24.18,91,66.562,12.91,52.593,0,70.6,100.8,47,0,29.8,19,803,93.9,0,27,1.1
2025-06-06 18:17:41.997502+00:00,17.27,3.86,13.61,0.59,13.48,4.31,24.19,92,66.662,8.03,58.099,0,70.6,100.8,47,0,29.8,19,803,93.9,0,27,1.1
2025-06-06 18:18:20.957112+00:00,18.09,3.54,13.54,0.61,13.54,4.13,24.19,90,64.039,8.259,55.92,0,70.6,100.8,47,0,29.8,19,803,93.9,0,27,1.1
2025-06-06 18:19:00.682062+00:00,17.06,3.83,13.5,0.49,13.5,4.35,24.19,88,65.34,6.615,58.725,0,70.6,100.8,47,0,29.8,19,803,93.9,0,27,1.1
2025-06-06 18:19:39.366137+00:00,17.72,3.67,13.56,0.87,13.59,3.93,24.2,90,65.032,11.797,53.409,0,70.6,100.8,47,0,29.8,19,803,93.9,0,27,1.1
2025-06-06 18:20:18.282367+00:00,17.1,3.87,13.59,0.97,13.59,3.91,24.21,91,66.177,13.182,53.137,0,70.6,100.8,47,0,29.8,19,803,93.9,0,27,1.1
2025-06-06 18:20:56.036993+00:00,17.97,3.48,13.59,0.82,13.56,3.79,24.22,91,62.536,11.144,51.392,0,70.6,100.8,47,0,29.8,19,803,93.9,0,27,1.1
2025-06-06 18:21:33.533942+00:00,16.89,4.0,13.63,0.67,13.54,4.29,24.22,93,67.56,9.132,58.087,0,70.6,100.8,47,0,29.8,19,803,93.9,0,27,1.1
2025-06-06 18:22:12.908764+00:00,16.52,4.06,13.61,0.99,13.61,4.01,24.22,92,67.071,13.474,54.576,0,70.6,100.8,47,0,29.8,19,803,93.9,0,27,1.1
2025-06-06 18:22:52.111364+00:00,16.85,3.99,13.03,-2.53,12.94,7.7,24.23,71,67.232,-32.966,99.638,0,70.6,100.8,47,0,29.8,19,803,93.9,0,27,1.1
2025-06-06 18:23:30.146039+00:00,16.81,4.0,12.68,-3.19,12.71,8.5,24.24,58,67.24,-40.449,108.035,0,70.6,100.8,47,0,29.8,19,803,93.9,0,27,1.1
2025-06-06 18:24:10.053956+00:00,16.69,4.03,12.6,-3.33,12.62,8.68,24.26,55,67.261,-41.958,109.542,0,70.6,100.8,47,0,29.8,19,803,93.9,0,27,1.1
2025-06-06 18:24:50.614140+00:00,17.06,3.94,12.62,-3.5,12.58,8.83,24.27,56,67.216,-44.17,111.081,0,70.6,100.8,47,0,29.8,19,803,93.9,0,27,1.1
2025-06-06 18:25:29.474214+00:00,17.18,3.91,12.49,-3.86,12.49,9.25,24.28,51,67.174,-48.211,115.532,0,69.9,100.2,46,0,29.8,19,874,93.9,0,13,1.1
2025-06-06 18:26:13.881515+00:00,16.56,4.05,12.6,-3.17,12.62,8.5,24.3,56,67.068,-39.942,107.27,0,69.9,100.2,46,0,29.8,19,874,93.9,0,13,1.1
2025-06-06 18:26:51.883733+00:00,16.4,4.06,12.6,-3.19,12.62,8.48,24.32,55,66.584,-40.194,107.018,0,69.9,100.2,46,0,29.8,19,874,93.9,0,13,1.1
2025-06-06 18:27:31.563150+00:00,17.06,3.92,12.6,-3.21,12.6,8.52,24.34,55,66.875,-40.446,107.352,0,69.9,100.2,46,0,29.8,19,874,93.9,0,13,1.1
2025-06-06 18:28:09.612499+00:00,16.23,3.95,12.56,-3.39,12.58,8.5,24.36,53,64.109,-42.578,106.93,0,69.9,100.2,46,0,29.8,19,874,93.9,0,13,1.1
2025-06-06 18:28:47.226925+00:00,17.18,3.8,12.58,-3.33,12.58,8.56,24.37,54,65.284,-41.891,107.685,0,69.9,100.2,46,0,29.8,19,874,93.9,0,13,1.1
2025-06-06 18:29:24.552838+00:00,17.43,3.61,12.53,-3.53,12.53,8.56,24.38,52,62.922,-44.231,107.257,0,69.9,100.2,46,0,29.8,19,874,93.9,0,13,1.1
2025-06-06 18:30:02.089504+00:00,17.56,3.61,12.43,-3.33,12.53,8.44,24.39,49,63.392,-41.392,105.753,0,69.9,100.2,46,0,29.8,19,874,93.9,0,13,1.1
2025-06-06 18:30:39.841665+00:00,18.14,3.29,12.49,-3.62,12.49,8.4,24.42,51,59.681,-45.214,104.916,0,69.9,100.2,46,0,29.8,19,874,93.9,0,13,1.1
2025-06-06 18:31:18.172083+00:00,18.18,3.11,12.43,-3.91,12.45,8.46,24.43,49,56.54,-48.601,105.327,0,69.9,100.2,46,0,29.8,19,874,93.9,0,13,1.1
2025-06-06 18:31:56.123336+00:00,18.26,2.97,12.43,-4.07,12.41,8.44,24.44,49,54.232,-50.59,104.74,0,69.9,100.2,46,0,29.8,19,874,93.9,0,13,1.1
2025-06-06 18:32:36.173161+00:00,17.93,2.89,12.41,-4.34,12.36,8.52,24.46,46,51.818,-53.859,105.307,0,69.9,100.2,46,0,29.8,19,874,93.9,0,13,1.1
2025-06-06 18:33:14.256206+00:00,18.34,2.61,12.32,-4.48,12.38,8.38,24.48,45,47.867,-55.194,103.744,0,69.9,100.2,46,0,29.8,19,874,93.9,0,13,1.1
2025-06-06 18:33:52.022664+00:00,17.93,2.7,12.32,-4.91,12.26,8.85,24.5,45,48.411,-60.491,108.501,0,69.9,100.2,46,0,29.8,19,874,93.9,0,13,1.1
2025-06-06 18:34:29.914950+00:00,19.13,2.33,12.3,-4.59,12.32,8.22,24.51,44,44.573,-56.457,101.27,0,69.9,100.2,46,0,29.8,19,874,93.9,0,13,1.1
2025-06-06 18:35:08.653367+00:00,18.92,2.32,12.23,-4.51,12.3,8.1,24.53,41,43.894,-55.157,99.63,0,69.9,100.2,46,0,29.8,19,874,93.9,0,13,1.1
2025-06-06 18:35:47.213539+00:00,18.8,2.15,12.28,-4.82,12.3,8.12,24.55,43,40.42,-59.19,99.876,0,71.5,101.4,49,0,29.79,19,171,93.6,0,344,1.1
2025-06-06 18:36:26.098818+00:00,19.01,2.1,12.28,-4.7,12.28,7.96,24.58,43,39.921,-57.716,97.749,0,71.5,101.4,49,0,29.79,19,171,93.6,0,344,1.1
2025-06-06 18:37:06.775400+00:00,18.76,2.11,12.17,-5.91,12.04,9.17,24.6,39,39.584,-71.925,110.407,0,71.5,101.4,49,0,29.79,19,171,93.6,0,344,1.1
2025-06-06 18:37:45.708515+00:00,18.59,2.0,12.13,-4.93,12.21,8.0,24.62,38,37.18,-59.801,97.68,0,71.5,101.4,49,0,29.79,19,171,93.6,0,344,1.1
2025-06-06 18:38:26.677411+00:00,18.55,1.84,12.17,-4.91,12.21,7.72,24.65,39,34.132,-59.755,94.261,0,71.5,101.4,49,0,29.79,19,171,93.6,0,344,1.1
2025-06-06 18:39:05.027542+00:00,19.05,1.64,12.17,-5.22,12.17,7.8,24.66,39,31.242,-63.527,94.926,0,71.5,101.4,49,0,29.79,19,171,93.6,0,344,1.1
2025-06-06 18:39:45.553673+00:00,19.46,1.57,12.15,-5.36,12.15,7.98,24.69,38,30.552,-65.124,96.957,0,71.5,101.4,49,0,29.79,19,171,93.6,0,344,1.1
2025-06-06 18:40:27.788569+00:00,19.09,1.33,12.06,-6.13,12.02,8.24,24.71,35,25.39,-73.928,99.045,0,71.5,101.4,49,0,29.79,19,171,93.6,0,344,1.1
2025-06-06 18:41:09.207910+00:00,18.84,1.25,11.96,-6.31,11.93,8.28,24.74,31,23.55,-75.468,98.78,0,71.5,101.4,49,0,29.79,19,171,93.6,0,344,1.1
2025-06-06 18:41:52.126012+00:00,19.42,1.0,11.96,-6.66,11.89,8.18,24.77,31,19.42,-79.654,97.26,0,71.5,101.4,49,0,29.79,19,171,93.6,0,344,1.1
2025-06-06 18:42:32.678072+00:00,19.05,0.83,11.98,-6.08,11.98,7.41,24.81,32,15.812,-72.838,88.772,0,71.5,101.4,49,0,29.79,19,171,93.6,0,344,1.1
2025-06-06 18:43:11.533825+00:00,19.34,0.76,11.91,-7.29,11.78,8.54,24.83,30,14.698,-86.824,100.601,0,71.5,101.4,49,0,29.79,19,171,93.6,0,344,1.1
2025-06-06 18:43:52.100819+00:00,18.43,0.72,11.87,-6.46,11.93,7.78,24.86,30,13.27,-76.68,92.815,0,71.5,101.4,49,0,29.79,19,171,93.6,0,344,1.1
2025-06-06 18:44:30.785423+00:00,18.88,0.66,11.78,-7.28,11.78,8.34,24.89,25,12.461,-85.758,98.245,0,71.5,101.4,49,0,29.79,19,171,93.6,0,344,1.1
2025-06-06 18:45:14.917241+00:00,19.3,0.62,11.91,-6.45,11.91,7.47,24.93,30,11.966,-76.82,88.968,0,71.5,101.4,49,0,29.79,19,171,93.6,0,344,1.1
2025-06-06 18:45:52.850925+00:00,19.59,0.57,11.78,-7.26,11.76,8.24,24.96,25,11.166,-85.523,96.902,0,71.5,101.4,49,0,29.79,19,171,93.6,0,344,1.1
2025-06-06 18:46:30.954899+00:00,18.3,0.58,11.78,-7.12,11.78,8.04,24.98,25,10.614,-83.874,94.711,0,72.2,101.3,51,0,29.8,19,672,93,0,342,1.1
2025-06-06 18:47:12.473471+00:00,18.96,0.57,11.89,-6.51,11.89,7.43,24.99,29,10.807,-77.404,88.343,0,72.2,101.3,51,0,29.8,19,672,93,0,342,1.1
2025-06-06 18:47:50.163944+00:00,18.92,0.61,11.68,-6.98,11.81,7.66,25.02,21,11.541,-81.526,90.465,0,72.2,101.3,51,0,29.8,19,672,93,0,342,1.1
2025-06-06 18:48:29.455929+00:00,18.22,0.56,11.76,-6.86,11.83,7.74,25.05,24,10.203,-80.674,91.564,0,72.2,101.3,51,0,29.8,19,672,93,0,342,1.1
2025-06-06 18:49:10.503338+00:00,19.71,0.56,11.85,-6.74,11.83,7.53,25.06,27,11.038,-79.869,89.08,0,72.2,101.3,51,0,29.8,19,672,93,0,342,1.1
2025-06-06 18:49:50.712537+00:00,18.8,0.7,11.87,-6.31,11.91,7.43,25.08,28,13.16,-74.9,88.491,0,72.2,101.3,51,0,29.8,19,672,93,0,342,1.1
2025-06-06 18:50:29.049220+00:00,19.34,0.66,11.89,-6.33,11.89,7.51,25.09,29,12.764,-75.264,89.294,0,72.2,101.3,51,0,29.8,19,672,93,0,342,1.1
2025-06-06 18:51:08.921682+00:00,19.34,0.73,11.87,-6.26,11.91,7.45,25.11,28,14.118,-74.306,88.73,0,72.2,101.3,51,0,29.8,19,672,93,0,342,1.1
2025-06-06 18:51:48.099580+00:00,19.13,0.73,11.91,-6.37,11.89,7.6,25.11,30,13.965,-75.867,90.364,0,72.2,101.3,51,0,29.8,19,672,93,0,342,1.1
2025-06-06 18:52:27.519983+00:00,18.55,0.78,11.87,-6.45,11.85,7.68,25.12,28,14.469,-76.561,91.008,0,72.2,101.3,51,0,29.8,19,672,93,0,342,1.1
2025-06-06 18:53:07.777523+00:00,19.54,0.68,11.87,-6.37,11.89,7.49,25.13,28,13.287,-75.612,89.056,0,72.2,101.3,51,0,29.8,19,672,93,0,342,1.1
2025-06-06 18:53:48.146805+00:00,18.96,0.73,11.91,-6.04,11.93,7.21,25.15,30,13.841,-71.936,86.015,0,72.2,101.3,51,0,29.8,19,672,93,0,342,1.1
2025-06-06 18:54:26.339301+00:00,18.72,0.74,11.96,-6.04,11.93,7.21,25.16,31,13.853,-72.238,86.015,0,72.2,101.3,51,0,29.8,19,672,93,0,342,1.1
2025-06-06 18:55:07.526436+00:00,18.72,0.75,11.89,-6.12,11.93,7.19,25.17,29,14.04,-72.767,85.777,0,72.2,101.3,51,0,29.8,19,672,93,0,342,1.1
2025-06-06 18:55:47.047009+00:00,18.05,0.53,11.74,-7.16,11.74,7.98,25.18,23,9.567,-84.058,93.685,0,72.2,101.3,51,0,29.8,19,672,93,0,342,1.1
2025-06-06 18:56:31.720772+00:00,19.21,0.6,11.85,-6.41,11.87,7.39,25.19,27,11.526,-75.959,87.719,0,72.2,101.3,51,0,29.8,19,672,93,0,342,1.1
2025-06-06 18:57:14.742975+00:00,18.84,0.6,11.81,-6.72,11.83,7.62,25.21,26,11.304,-79.363,90.145,0,70.9,100.8,48,0,29.79,19,787,93.6,0,330,1.1
2025-06-06 18:58:01.603156+00:00,18.92,0.59,11.89,-6.07,11.91,7.01,25.22,29,11.163,-72.172,83.489,0,70.9,100.8,48,0,29.79,19,787,93.6,0,330,1.1
2025-06-06 18:58:40.356915+00:00,19.13,0.53,11.83,-6.57,11.81,7.37,25.23,27,10.139,-77.723,87.04,0,70.9,100.8,48,0,29.79,19,787,93.6,0,330,1.1
2025-06-06 18:59:21.252750+00:00,18.88,0.53,11.93,-5.95,11.93,6.79,25.22,30,10.006,-70.984,81.005,0,70.9,100.8,48,0,29.79,19,787,93.6,0,330,1.1
2025-06-06 18:59:59.835846+00:00,18.67,0.53,11.93,-6.17,11.89,7.39,25.23,30,9.895,-73.608,87.867,0,70.9,100.8,48,0,29.79,19,787,93.6,0,330,1.1
2025-06-06 19:00:42.270397+00:00,19.01,0.48,11.91,-6.15,11.87,6.93,25.24,30,9.125,-73.247,82.259,0,70.9,100.8,48,0,29.79,19,787,93.6,0,330,1.1
2025-06-06 19:01:23.865419+00:00,18.92,0.47,11.98,-5.74,11.96,6.49,25.24,31,8.892,-68.765,77.62,0,70.9,100.8,48,0,29.79,19,787,93.6,0,330,1.1
2025-06-06 19:02:01.874366+00:00,18.88,0.44,11.85,-6.36,11.87,7.07,25.24,27,8.307,-75.366,83.921,0,70.9,100.8,48,0,29.79,19,787,93.6,0,330,1.1
2025-06-06 19:02:40.101070+00:00,18.05,0.48,11.98,-6.18,11.89,6.91,25.25,32,8.664,-74.036,82.16,0,69.9,100.2,46,0,29.78,0,261,93.9,0,322,1.1
2025-06-06 19:03:18.162588+00:00,18.34,0.47,12.0,-5.6,12.0,6.33,25.26,33,8.62,-67.2,75.96,0,69.9,100.2,46,0,29.78,0,261,93.9,0,322,1.1
2025-06-06 19:03:56.955485+00:00,18.3,0.49,12.0,-5.56,12.0,6.31,25.25,33,8.967,-66.72,75.72,0,69.9,100.2,46,0,29.78,0,261,93.9,0,322,1.1
2025-06-06 19:04:35.003491+00:00,17.31,0.47,11.98,-5.7,11.98,6.39,25.25,32,8.136,-68.286,76.552,0,69.9,100.2,46,0,29.78,0,261,93.9,0,322,1.1
2025-06-06 19:05:13.055542+00:00,18.38,0.47,11.96,-6.62,11.81,7.05,25.25,31,8.639,-79.175,83.261,0,69.9,100.2,46,0,29.78,0,261,93.9,0,322,1.1
2025-06-06 19:05:53.621134+00:00,18.22,0.46,11.98,-5.51,12.0,6.22,25.25,32,8.381,-66.01,74.64,0,69.9,100.2,46,0,29.78,0,261,93.9,0,322,1.1
2025-06-06 19:06:31.259597+00:00,18.18,0.47,11.87,-6.22,11.87,6.95,25.26,28,8.545,-73.831,82.496,0,69.9,100.2,46,0,29.78,0,261,93.9,0,322,1.1
2025-06-06 19:07:12.106703+00:00,17.93,0.47,11.89,-6.18,11.91,6.89,25.26,29,8.427,-73.48,82.06,0,69.9,100.2,46,0,29.78,0,261,93.9,0,322,1.1
2025-06-06 19:07:51.641700+00:00,18.51,0.44,11.91,-6.24,11.89,6.89,25.27,30,8.144,-74.318,81.922,0,69.9,100.2,46,0,29.78,0,261,93.9,0,322,1.1
2025-06-06 19:08:32.171913+00:00,18.84,0.41,11.98,-6.14,11.91,6.79,25.27,32,7.724,-73.557,80.869,0,69.9,100.2,46,0,29.78,0,261,93.9,0,322,1.1
2025-06-06 19:09:09.803560+00:00,17.76,0.44,11.89,-6.32,11.85,6.99,25.28,29,7.814,-75.145,82.832,0,69.9,100.2,46,0,29.78,0,261,93.9,0,322,1.1
2025-06-06 19:10:02.732853+00:00,18.67,0.41,11.87,-6.2,11.87,6.87,25.29,28,7.655,-73.594,81.547,0,69.9,100.2,46,0,29.78,0,261,93.9,0,322,1.1
2025-06-06 19:10:43.077740+00:00,18.51,0.42,11.85,-6.16,11.85,6.83,25.31,27,7.774,-72.996,80.936,0,69.9,100.2,46,0,29.78,0,261,93.9,0,322,1.1
2025-06-06 19:11:22.684310+00:00,18.51,0.44,11.83,-6.32,11.81,7.01,25.32,26,8.144,-74.766,82.788,0,69.9,100.2,46,0,29.78,0,261,93.9,0,322,1.1
2025-06-06 19:12:03.550959+00:00,18.47,0.44,11.85,-6.1,11.85,6.81,25.33,27,8.127,-72.285,80.698,0,69.9,100.2,46,0,29.78,0,261,93.9,0,322,1.1
2025-06-06 19:12:42.077421+00:00,18.01,0.45,11.87,-6.06,11.85,6.75,25.34,28,8.105,-71.932,79.987,0,69.9,100.2,46,0,29.78,0,261,93.9,0,322,1.1
2025-06-06 19:13:20.923139+00:00,18.72,0.41,11.96,-5.51,11.96,6.18,25.35,31,7.675,-65.9,73.913,0,70.5,101.5,46,0,29.77,19,88,94.5,0,342,1.1
2025-06-06 19:13:58.852527+00:00,17.97,0.45,11.96,-5.43,11.98,6.14,25.35,31,8.086,-64.943,73.557,0,70.5,101.5,46,0,29.77,19,88,94.5,0,342,1.1
2025-06-06 19:14:37.061119+00:00,17.89,0.46,11.98,-5.51,11.96,6.2,25.34,31,8.229,-66.01,74.152,0,70.5,101.5,46,0,29.77,19,88,94.5,0,342,1.1
2025-06-06 19:15:14.973597+00:00,17.97,0.48,11.96,-5.55,11.96,6.2,25.33,31,8.626,-66.378,74.152,0,70.5,101.5,46,0,29.77,19,88,94.5,0,342,1.1
2025-06-06 19:15:53.070016+00:00,18.47,0.45,11.83,-6.82,11.72,7.53,25.33,27,8.312,-80.681,88.252,0,70.5,101.5,46,0,29.77,19,88,94.5,0,342,1.1
2025-06-06 19:17:10.870050+00:00,18.76,0.44,11.85,-6.1,11.83,6.81,25.34,27,8.254,-72.285,80.562,0,70.5,101.5,46,0,29.77,19,88,94.5,0,342,1.1
2025-06-06 19:17:51.864968+00:00,17.85,0.49,11.81,-6.42,11.78,7.17,25.34,26,8.747,-75.82,84.463,0,70.5,101.5,46,0,29.77,19,88,94.5,0,342,1.1
2025-06-06 19:18:33.206902+00:00,18.43,0.46,11.85,-6.06,11.85,6.79,25.33,27,8.478,-71.811,80.462,0,70.5,101.5,46,0,29.77,19,88,94.5,0,342,1.1
2025-06-06 19:19:11.101965+00:00,17.93,0.47,11.89,-5.92,11.87,6.63,25.33,29,8.427,-70.389,78.698,0,70.5,101.5,46,0,29.77,19,88,94.5,0,342,1.1
2025-06-06 19:19:49.443473+00:00,18.05,0.46,11.93,-5.53,11.93,6.28,25.33,30,8.303,-65.973,74.92,0,70.5,101.5,46,0,29.77,19,88,94.5,0,342,1.1
2025-06-06 19:20:27.782659+00:00,18.51,0.45,11.96,-5.51,11.96,6.22,25.33,31,8.33,-65.9,74.391,0,70.5,101.5,46,0,29.77,19,88,94.5,0,342,1.1
2025-06-06 19:21:07.572600+00:00,18.59,0.47,11.98,-5.43,11.96,6.16,25.32,32,8.737,-65.051,73.674,0,70.5,101.5,46,0,29.77,19,88,94.5,0,342,1.1
2025-06-06 19:21:45.371196+00:00,18.34,0.48,11.98,-5.35,11.98,6.1,25.31,32,8.803,-64.093,73.078,0,70.5,101.5,46,0,29.77,19,88,94.5,0,342,1.1
2025-06-06 19:22:23.071224+00:00,18.34,0.48,11.98,-5.29,11.98,6.04,25.3,32,8.803,-63.374,72.359,0,70.5,101.5,46,0,29.77,19,88,94.5,0,342,1.1
2025-06-06 19:23:01.649254+00:00,18.34,0.45,11.98,-5.35,11.93,6.04,25.3,32,8.253,-64.093,72.057,0,70.5,101.5,46,0,29.77,19,88,94.5,0,342,1.1
2025-06-06 19:23:40.367296+00:00,17.6,0.49,11.98,-5.25,12.0,5.98,25.3,32,8.624,-62.895,71.76,0,69.9,100.2,46,0,29.77,44,98,93.9,0,346,1.1
2025-06-06 19:24:18.274931+00:00,18.8,0.47,11.91,-5.17,12.0,5.92,25.28,30,8.836,-61.575,71.04,0,69.9,100.2,46,0,29.77,44,98,93.9,0,346,1.1
2025-06-06 19:24:56.344436+00:00,18.01,0.51,12.0,-5.1,12.0,5.88,25.3,33,9.185,-61.2,70.56,0,69.9,100.2,46,0,29.77,44,98,93.9,0,346,1.1
2025-06-06 19:25:35.720607+00:00,18.09,0.51,12.02,-5.02,12.0,5.8,25.29,34,9.226,-60.34,69.6,0,69.9,100.2,46,0,29.77,44,98,93.9,0,346,1.1
2025-06-06 19:26:14.390090+00:00,18.88,0.45,12.02,-5.15,12.0,5.86,25.29,34,8.496,-61.903,70.32,0,69.9,100.2,46,0,29.77,44,98,93.9,0,346,1.1
2025-06-06 19:26:53.450022+00:00,18.88,0.43,12.0,-5.21,11.98,6.28,25.29,33,8.118,-62.52,75.234,0,69.9,100.2,46,0,29.77,44,98,93.9,0,346,1.1
2025-06-06 19:27:31.255245+00:00,17.93,0.48,12.0,-5.01,12.0,5.74,25.28,33,8.606,-60.12,68.88,0,69.9,100.2,46,0,29.77,44,98,93.9,0,346,1.1
2025-06-06 19:28:09.162627+00:00,18.26,0.49,12.02,-4.97,12.02,5.7,25.28,34,8.947,-59.739,68.514,0,69.9,100.2,46,0,29.77,44,98,93.9,0,346,1.1
2025-06-06 19:28:47.039083+00:00,18.84,0.44,12.02,-4.99,12.0,5.68,25.27,34,8.29,-59.98,68.16,0,69.9,100.2,46,0,29.77,44,98,93.9,0,346,1.1
2025-06-06 19:29:25.597643+00:00,18.67,0.45,12.02,-4.95,12.02,5.68,25.26,34,8.402,-59.499,68.274,0,69.9,100.2,46,0,29.77,44,98,93.9,0,346,1.1
2025-06-06 19:30:03.822367+00:00,17.64,0.49,12.0,-4.95,12.0,5.68,25.25,33,8.644,-59.4,68.16,0,69.9,100.2,46,0,29.77,44,98,93.9,0,346,1.1
2025-06-06 19:30:43.925779+00:00,17.6,0.53,12.04,-4.78,12.04,5.56,25.27,34,9.328,-57.551,66.942,0,69.9,100.2,46,0,29.77,44,98,93.9,0,346,1.1
2025-06-06 19:31:21.991360+00:00,18.55,0.53,12.04,-4.74,12.04,5.56,25.29,34,9.832,-57.07,66.942,0,69.9,100.2,46,0,29.77,44,98,93.9,0,346,1.1
2025-06-06 19:32:01.318199+00:00,18.63,0.52,12.02,-4.84,12.02,5.66,25.29,34,9.688,-58.177,68.033,0,69.9,100.2,46,0,29.77,44,98,93.9,0,346,1.1
2025-06-06 19:32:39.765013+00:00,18.26,0.54,12.06,-5.02,12.0,5.72,25.3,35,9.86,-60.541,68.64,0,69.9,100.2,46,0,29.77,44,98,93.9,0,346,1.1
2025-06-06 19:33:17.585475+00:00,18.43,0.53,12.04,-4.62,12.04,5.44,25.31,34,9.768,-55.625,65.498,0,69.9,100.2,46,0,29.77,44,98,93.9,0,346,1.1
2025-06-06 19:33:55.241502+00:00,18.47,0.53,12.04,-4.52,12.04,5.34,25.33,34,9.789,-54.421,64.294,0,70.9,100.8,48,0,29.77,44,134,93.6,0,354,1.1
2025-06-06 19:34:33.414204+00:00,18.14,0.57,12.04,-4.56,12.04,5.44,25.35,34,10.34,-54.902,65.498,0,70.9,100.8,48,0,29.77,44,134,93.6,0,354,1.1
2025-06-06 19:35:13.623357+00:00,18.14,0.58,12.06,-4.44,12.06,5.32,25.37,35,10.521,-53.546,64.159,0,70.9,100.8,48,0,29.77,44,134,93.6,0,354,1.1
2025-06-06 19:35:51.258344+00:00,17.93,0.57,12.06,-4.42,12.06,5.28,25.39,35,10.22,-53.305,63.677,0,70.9,100.8,48,0,29.77,44,134,93.6,0,354,1.1
2025-06-06 19:36:29.271439+00:00,17.47,0.62,12.06,-4.42,12.06,5.32,25.42,35,10.831,-53.305,64.159,0,70.9,100.8,48,0,29.77,44,134,93.6,0,354,1.1
2025-06-06 19:37:07.517627+00:00,17.47,0.6,12.06,-4.36,12.06,5.24,25.46,35,10.482,-52.582,63.194,0,70.9,100.8,48,0,29.77,44,134,93.6,0,354,1.1
2025-06-06 19:37:46.351455+00:00,18.01,0.58,12.06,-4.34,12.06,5.22,25.49,35,10.446,-52.34,62.953,0,70.9,100.8,48,0,29.77,44,134,93.6,0,354,1.1
2025-06-06 19:38:25.067589+00:00,16.98,0.59,12.04,-4.32,12.04,5.16,25.51,34,10.018,-52.013,62.126,0,70.9,100.8,48,0,29.77,44,134,93.6,0,354,1.1
2025-06-06 19:39:03.274957+00:00,18.22,0.55,12.06,-4.19,12.06,5.1,25.53,35,10.021,-50.531,61.506,0,70.9,100.8,48,0,29.77,44,134,93.6,0,354,1.1
2025-06-06 19:39:43.097558+00:00,17.68,0.58,11.96,-4.72,11.96,5.46,25.54,31,10.254,-56.451,65.302,0,70.9,100.8,48,0,29.77,44,134,93.6,0,354,1.1
2025-06-06 19:40:21.041946+00:00,17.56,0.6,11.98,-4.46,11.98,5.48,25.55,32,10.536,-53.431,65.65,0,70.9,100.8,48,0,29.77,44,134,93.6,0,354,1.1
2025-06-06 19:40:58.808406+00:00,17.72,0.67,12.02,-4.28,12.02,5.32,25.56,34,11.872,-51.446,63.946,0,70.9,100.8,48,0,29.77,44,134,93.6,0,354,1.1
2025-06-06 19:41:36.541359+00:00,16.94,0.71,12.06,-4.16,12.04,5.16,25.57,35,12.027,-50.17,62.126,0,70.9,100.8,48,0,29.77,44,134,93.6,0,354,1.1
2025-06-06 19:42:14.551533+00:00,17.02,0.7,12.06,-4.12,12.06,5.1,25.57,35,11.914,-49.687,61.506,0,70.9,100.8,48,0,29.77,44,134,93.6,0,354,1.1
2025-06-06 19:42:52.040387+00:00,17.93,0.67,12.06,-4.03,12.04,5.03,25.57,35,12.013,-48.602,60.561,0,70.9,100.8,48,0,29.77,44,134,93.6,0,354,1.1
2025-06-06 19:43:29.955990+00:00,18.34,0.46,11.98,-4.97,11.89,5.68,25.56,32,8.436,-59.541,67.535,0,70.9,100.8,48,0,29.77,44,134,93.6,0,354,1.1
2025-06-06 19:44:08.388045+00:00,17.76,0.55,12.0,-4.15,12.0,4.97,25.56,33,9.768,-49.8,59.64,0,71.5,101.4,49,0,29.76,44,57,93.6,0,2,1.1
2025-06-06 19:44:48.938135+00:00,18.05,0.57,12.0,-5.02,11.85,5.88,25.55,33,10.288,-60.24,69.678,0,71.5,101.4,49,0,29.76,44,57,93.6,0,2,1.1
2025-06-06 19:45:26.885534+00:00,17.76,0.6,11.93,-4.66,11.89,5.56,25.55,29,10.656,-55.594,66.108,0,71.5,101.4,49,0,29.76,44,57,93.6,0,2,1.1
2025-06-06 19:46:04.533404+00:00,19.05,0.5,12.0,-3.99,12.02,5.1,25.53,33,9.525,-47.88,61.302,0,71.5,101.4,49,0,29.76,44,57,93.6,0,2,1.1
2025-06-06 19:46:42.226754+00:00,18.09,0.66,12.02,-3.81,12.02,4.81,25.52,34,11.939,-45.796,57.816,0,71.5,101.4,49,0,29.76,44,57,93.6,0,2,1.1
2025-06-06 19:47:20.061068+00:00,17.68,0.7,12.06,-3.73,12.04,4.77,25.5,35,12.376,-44.984,57.431,0,71.5,101.4,49,0,29.76,44,57,93.6,0,2,1.1
2025-06-06 19:47:58.036520+00:00,18.84,0.69,12.08,-3.61,12.06,4.69,25.49,36,13.0,-43.609,56.561,0,71.5,101.4,49,0,29.76,44,57,93.6,0,2,1.1
2025-06-06 19:48:36.124224+00:00,18.96,0.69,12.02,-3.71,12.04,4.81,25.47,34,13.082,-44.594,57.912,0,71.5,101.4,49,0,29.76,44,57,93.6,0,2,1.1
2025-06-06 19:49:13.996206+00:00,18.26,0.75,12.06,-3.43,12.06,4.57,25.46,35,13.695,-41.366,55.114,0,71.5,101.4,49,0,29.76,44,57,93.6,0,2,1.1
2025-06-06 19:49:53.832840+00:00,18.84,0.71,12.06,-4.32,11.91,5.44,25.45,35,13.376,-52.099,64.79,0,71.5,101.4,49,0,29.76,44,57,93.6,0,2,1.1
2025-06-06 19:50:31.860907+00:00,18.96,0.68,12.06,-3.31,12.06,4.39,25.43,35,12.893,-39.919,52.943,0,71.5,101.4,49,0,29.76,44,57,93.6,0,2,1.1
2025-06-06 19:51:09.501205+00:00,18.22,0.68,12.06,-3.25,12.06,4.43,25.41,34,12.39,-39.195,53.426,0,71.5,101.4,49,0,29.76,44,57,93.6,0,2,1.1
2025-06-06 19:51:47.212736+00:00,17.89,0.68,12.04,-3.25,12.06,4.25,25.4,34,12.165,-39.13,51.255,0,71.5,101.4,49,0,29.76,44,57,93.6,0,2,1.1
2025-06-06 19:52:24.703312+00:00,18.67,0.61,12.06,-3.31,12.04,4.23,25.39,35,11.389,-39.919,50.929,0,71.5,101.4,49,0,29.76,44,57,93.6,0,2,1.1
2025-06-06 19:53:02.358849+00:00,18.88,0.55,11.85,-3.97,11.89,4.85,25.38,27,10.384,-47.044,57.666,0,71.5,101.4,49,0,29.76,44,57,93.6,0,2,1.1
2025-06-06 19:53:40.206224+00:00,18.59,0.59,12.0,-3.61,11.93,4.53,25.37,33,10.968,-43.32,54.043,0,71.5,101.4,49,0,29.76,44,57,93.6,0,2,1.1
2025-06-06 19:54:18.120617+00:00,19.3,0.48,11.98,-3.41,11.98,4.51,25.37,32,9.264,-40.852,54.03,0,71.3,100,50,0,29.77,44,97,92.7,0,328,1.1
2025-06-06 19:54:56.048727+00:00,18.8,0.57,11.98,-3.21,11.98,4.11,25.36,32,10.716,-38.456,49.238,0,71.3,100,50,0,29.77,44,97,92.7,0,328,1.1
2025-06-06 19:55:35.888967+00:00,19.01,0.53,11.78,-4.24,11.78,5.1,25.36,25,10.075,-49.947,60.078,0,71.3,100,50,0,29.77,44,97,92.7,0,328,1.1
2025-06-06 19:56:14.328737+00:00,18.22,0.63,11.96,-3.03,11.96,3.99,25.35,31,11.479,-36.239,47.72,0,71.3,100,50,0,29.77,44,97,92.7,0,328,1.1
2025-06-06 19:56:53.071157+00:00,18.67,0.58,11.89,-3.17,11.91,4.05,25.35,29,10.829,-37.691,48.236,0,71.3,100,50,0,29.77,44,97,92.7,0,328,1.1
2025-06-06 19:57:30.967072+00:00,18.59,0.58,11.89,-3.13,11.89,3.99,25.34,29,10.782,-37.216,47.441,0,71.3,100,50,0,29.77,44,97,92.7,0,328,1.1
2025-06-06 19:58:09.323059+00:00,18.3,0.63,11.89,-3.11,11.87,4.09,25.34,29,11.529,-36.978,48.548,0,71.3,100,50,0,29.77,44,97,92.7,0,328,1.1
2025-06-06 19:58:47.402418+00:00,18.63,0.67,11.85,-2.97,11.87,4.03,25.34,27,12.482,-35.194,47.836,0,71.3,100,50,0,29.77,44,97,92.7,0,328,1.1
2025-06-06 19:59:25.630558+00:00,18.51,0.76,11.89,-2.55,11.91,3.74,25.34,29,14.068,-30.319,44.543,0,71.3,100,50,0,29.77,44,97,92.7,0,328,1.1
2025-06-06 20:00:05.486655+00:00,18.01,0.82,11.87,-2.45,11.91,3.7,25.34,28,14.768,-29.082,44.067,0,71.3,100,50,0,29.77,44,97,92.7,0,328,1.1
2025-06-06 20:00:43.643762+00:00,18.47,0.84,11.89,-3.12,11.78,4.43,25.34,25,15.515,-37.097,52.185,0,71.3,100,50,0,29.77,44,97,92.7,0,328,1.1
2025-06-06 20:01:21.478510+00:00,17.14,0.51,11.78,-2.83,11.78,3.58,25.35,25,8.741,-33.337,42.172,0,71.3,100,50,0,29.77,44,97,92.7,0,328,1.1
2025-06-06 20:01:59.481979+00:00,18.43,0.89,11.87,-2.31,11.85,3.7,25.35,28,16.403,-27.42,43.845,0,71.3,100,50,0,29.77,44,97,92.7,0,328,1.1
2025-06-06 20:02:38.718789+00:00,16.85,0.86,11.81,-2.27,11.81,3.5,25.35,26,14.491,-26.809,41.335,0,71.3,100,50,0,29.77,44,97,92.7,0,328,1.1
2025-06-06 20:03:17.730821+00:00,18.43,0.84,11.76,-2.25,11.78,3.58,25.34,24,15.481,-26.46,42.172,0,71.3,100,50,0,29.77,44,97,92.7,0,328,1.1
2025-06-06 20:03:56.023473+00:00,17.89,0.83,11.7,-2.37,11.74,3.64,25.35,22,14.849,-27.729,42.734,0,71.3,100,50,0,29.77,44,97,92.7,0,328,1.1
2025-06-06 20:04:33.956349+00:00,18.22,0.78,11.7,-2.23,11.72,3.46,25.35,22,14.212,-26.091,40.551,0,70.4,100.4,47,0,29.77,19,108,93.7,0,336,1.1
2025-06-06 20:05:15.459962+00:00,18.01,0.67,11.63,-2.34,11.63,3.56,25.34,19,12.067,-27.214,41.403,0,70.4,100.4,47,0,29.77,19,108,93.7,0,336,1.1
2025-06-06 20:05:53.193741+00:00,18.67,0.67,11.53,-2.42,11.57,3.52,25.35,15,12.509,-27.903,40.726,0,70.4,100.4,47,0,29.77,19,108,93.7,0,336,1.1
2025-06-06 20:06:32.520289+00:00,18.38,0.69,11.38,-2.75,11.44,3.87,25.34,10,12.682,-31.295,44.273,0,70.4,100.4,47,0,29.77,19,108,93.7,0,336,1.1
2025-06-06 20:07:10.418098+00:00,18.51,0.66,11.42,-2.36,11.42,3.66,25.35,11,12.217,-26.951,41.797,0,70.4,100.4,47,0,29.77,19,108,93.7,0,336,1.1
2025-06-06 20:07:48.201287+00:00,17.93,0.67,11.38,-2.26,11.36,3.44,25.34,10,12.013,-25.719,39.078,0,70.4,100.4,47,0,29.77,19,108,93.7,0,336,1.1
2025-06-06 20:08:26.750057+00:00,18.09,0.67,11.29,-2.28,11.29,3.36,25.34,7,12.12,-25.741,37.934,0,70.4,100.4,47,0,29.77,19,108,93.7,0,336,1.1
2025-06-06 20:09:04.707592+00:00,18.43,0.61,11.18,-2.44,11.18,3.46,25.34,2,11.242,-27.279,38.683,0,70.4,100.4,47,0,29.77,19,108,93.7,0,336,1.1
2025-06-06 20:09:45.065422+00:00,18.47,0.61,11.68,0.98,0.0,0.0,25.34,21,11.267,11.446,0.0,,,,,,,,,,,,
2025-06-06 20:10:21.591093+00:00,18.26,0.63,11.85,0.98,0.0,0.0,25.33,27,11.504,11.613,0.0,0,70.4,100.4,47,0,29.77,19,108,93.7,0,336,1.1
2025-06-06 20:11:00.207962+00:00,18.18,0.65,11.93,1.0,0.0,0.0,25.31,30,11.817,11.93,0.0,0,70.4,100.4,47,0,29.77,19,108,93.7,0,336,1.1
2025-06-06 20:11:38.950004+00:00,17.68,0.7,12.02,1.04,0.0,0.0,25.29,34,12.376,12.501,0.0,0,70.4,100.4,47,0,29.77,19,108,93.7,0,336,1.1
2025-06-06 20:12:18.214570+00:00,17.89,0.77,12.11,1.14,0.0,0.0,25.29,37,13.775,13.805,0.0,0,70.4,100.4,47,0,29.77,19,108,93.7,0,336,1.1
2025-06-06 20:12:56.425943+00:00,17.85,0.83,12.17,1.23,0.0,0.0,25.27,39,14.816,14.969,0.0,0,70.4,100.4,47,0,29.77,19,108,93.7,0,336,1.1
2025-06-06 20:13:34.245513+00:00,17.52,0.85,12.23,1.23,0.0,0.0,25.26,41,14.892,15.043,0.0,0,70.4,100.4,47,0,29.77,19,108,93.7,0,336,1.1
2025-06-06 20:14:12.455754+00:00,18.01,0.85,12.3,1.25,0.0,0.0,25.25,44,15.309,15.375,0.0,0,70.4,100.4,47,0,29.77,19,108,93.7,0,336,1.1
2025-06-06 20:14:50.549137+00:00,17.27,0.78,12.3,1.1,0.0,0.0,25.25,44,13.471,13.53,0.0,0,70.4,100.4,47,0,29.77,19,108,93.7,0,336,1.1
2025-06-06 20:15:30.519722+00:00,18.26,0.7,12.34,1.04,0.0,0.0,25.24,45,12.782,12.834,0.0,0,71.6,100.7,50,0,29.77,19,54,93,0,347,1.1
2025-06-06 20:16:09.736111+00:00,17.18,0.84,12.38,1.17,0.0,0.0,25.23,47,14.431,14.485,0.0,0,71.6,100.7,50,0,29.77,19,54,93,0,347,1.1
2025-06-06 20:16:48.234382+00:00,17.47,0.81,12.43,1.14,0.0,0.0,25.23,49,14.151,14.17,0.0,0,71.6,100.7,50,0,29.77,19,54,93,0,347,1.1
2025-06-06 20:17:26.923619+00:00,16.69,0.82,12.47,1.1,0.0,0.0,25.23,50,13.686,13.717,0.0,0,71.6,100.7,50,0,29.77,19,54,93,0,347,1.1
2025-06-06 20:18:05.408259+00:00,17.06,0.83,12.51,1.14,0.0,0.0,25.22,52,14.16,14.261,0.0,0,71.6,100.7,50,0,29.77,19,54,93,0,347,1.1
2025-06-06 20:18:44.523486+00:00,17.93,0.79,12.53,1.14,0.0,0.0,25.21,52,14.165,14.284,0.0,0,71.6,100.7,50,0,29.77,19,54,93,0,347,1.1
2025-06-06 20:19:22.694001+00:00,18.76,0.68,12.53,1.02,0.0,0.0,25.22,52,12.757,12.781,0.0,0,71.6,100.7,50,0,29.77,19,54,93,0,347,1.1
2025-06-06 20:20:00.941522+00:00,17.97,0.72,12.56,0.86,0.0,0.0,25.21,52,12.938,10.802,0.0,0,71.6,100.7,50,0,29.77,19,54,93,0,347,1.1
2025-06-06 20:20:39.335693+00:00,18.26,0.8,12.6,-0.74,12.15,1.91,25.17,55,14.608,-9.324,23.206,0,71.6,100.7,50,0,29.77,19,54,93,0,347,1.1
2025-06-06 20:21:17.214475+00:00,17.85,0.81,11.66,-3.42,11.68,4.75,25.31,20,14.459,-39.877,55.48,0,71.6,100.7,50,0,29.77,19,54,93,0,347,1.1
2025-06-06 20:21:54.962171+00:00,17.85,0.81,11.59,-4.51,11.38,5.88,25.34,18,14.459,-52.271,66.914,0,71.6,100.7,50,0,29.77,19,54,93,0,347,1.1
2025-06-06 20:22:33.452821+00:00,18.3,0.78,11.27,-4.25,11.29,5.52,25.35,6,14.274,-47.898,62.321,0,71.6,100.7,50,0,29.77,19,54,93,0,347,1.1
2025-06-06 20:23:11.457130+00:00,18.01,0.79,11.33,-3.1,11.33,4.35,25.37,8,14.228,-35.123,49.285,0,71.6,100.7,50,0,29.77,19,54,93,0,347,1.1
2025-06-06 20:23:49.287896+00:00,18.18,0.79,11.23,-3.06,11.21,4.35,25.37,4,14.362,-34.364,48.764,0,71.6,100.7,50,0,29.77,19,54,93,0,347,1.1
2025-06-06 20:24:28.540344+00:00,18.47,0.79,11.1,-2.82,11.1,4.15,25.37,0,14.591,-31.302,46.065,0,71.6,100.7,50,0,29.77,19,54,93,0,347,1.1
2025-06-06 20:25:05.816955+00:00,16.94,0.76,11.85,1.1,0.0,0.0,25.36,27,12.874,13.035,0.0,0,71.6,100.7,50,0,29.77,19,54,93,0,347,1.1
2025-06-06 20:25:43.723622+00:00,19.17,0.69,11.96,1.12,0.0,0.0,25.35,31,13.227,13.395,0.0,0,70.4,99.5,48,0,29.76,19,49,93,0,349,1.1
2025-06-06 20:26:21.306615+00:00,17.27,0.59,11.96,0.86,0.0,0.0,25.34,32,10.189,10.286,0.0,0,70.4,99.5,48,0,29.76,19,49,93,0,349,1.1
2025-06-06 20:26:59.455976+00:00,17.31,0.65,12.04,0.94,0.0,0.0,25.32,34,11.252,11.318,0.0,0,70.4,99.5,48,0,29.76,19,49,93,0,349,1.1
2025-06-06 20:27:37.241082+00:00,18.14,0.82,12.13,1.23,0.0,0.0,25.31,38,14.875,14.92,0.0,0,70.4,99.5,48,0,29.76,19,49,93,0,349,1.1
2025-06-06 20:28:15.737101+00:00,18.96,0.73,12.17,1.14,0.0,0.0,25.29,40,13.841,13.874,0.0,0,70.4,99.5,48,0,29.76,19,49,93,0,349,1.1
2025-06-06 20:28:55.758871+00:00,18.51,0.77,12.21,1.17,0.0,0.0,25.28,41,14.253,14.286,0.0,0,70.4,99.5,48,0,29.76,19,49,93,0,349,1.1
2025-06-06 20:29:34.229238+00:00,17.89,0.75,12.26,1.1,0.0,0.0,25.28,42,13.418,13.486,0.0,0,70.4,99.5,48,0,29.76,19,49,93,0,349,1.1
2025-06-06 20:30:12.769130+00:00,18.92,0.7,12.3,1.08,0.0,0.0,25.26,44,13.244,13.284,0.0,0,70.4,99.5,48,0,29.76,19,49,93,0,349,1.1
2025-06-06 20:30:51.955787+00:00,18.09,0.72,12.34,1.06,0.0,0.0,25.26,45,13.025,13.08,0.0,0,70.4,99.5,48,0,29.76,19,49,93,0,349,1.1
2025-06-06 20:31:30.305641+00:00,18.67,0.7,12.36,1.06,0.0,0.0,25.25,46,13.069,13.102,0.0,0,70.4,99.5,48,0,29.76,19,49,93,0,349,1.1
2025-06-06 20:32:08.934092+00:00,19.34,0.65,12.38,1.02,0.0,0.0,25.25,47,12.571,12.628,0.0,0,70.4,99.5,48,0,29.76,19,49,93,0,349,1.1
2025-06-06 20:32:48.217805+00:00,18.76,0.68,12.43,1.04,0.0,0.0,25.24,49,12.757,12.927,0.0,0,70.4,99.5,48,0,29.76,19,49,93,0,349,1.1
2025-06-06 20:33:27.669719+00:00,19.46,0.65,12.45,1.02,0.0,0.0,25.24,50,12.649,12.699,0.0,0,70.4,99.5,48,0,29.76,19,49,93,0,349,1.1
2025-06-06 20:34:06.849702+00:00,19.13,0.66,12.47,1.02,0.0,0.0,25.25,50,12.626,12.719,0.0,0,70.4,99.5,48,0,29.76,19,49,93,0,349,1.1
2025-06-06 20:34:45.031514+00:00,19.01,0.51,12.45,0.65,0.0,0.0,25.23,50,9.695,8.092,0.0,0,70.4,99.5,48,0,29.76,19,49,93,0,349,1.1
2025-06-06 20:35:23.239692+00:00,19.21,0.65,12.53,1.0,0.0,0.0,25.23,52,12.487,12.53,0.0,0,70.4,99.5,48,0,29.76,19,49,93,0,349,1.1
2025-06-06 20:36:02.206270+00:00,16.81,0.7,12.56,0.94,0.0,0.0,25.23,54,11.767,11.806,0.0,0,69.9,98.5,48,0,29.77,19,48,92.5,0.2,306,1.1
2025-06-06 20:36:40.610114+00:00,20.91,0.0,12.21,-1.39,12.21,1.39,25.2,41,0.0,-16.972,16.972,0,69.9,98.5,48,0,29.77,19,48,92.5,0.2,306,1.1
2025-06-06 20:37:21.379671+00:00,18.05,0.72,11.89,-2.52,11.89,3.62,25.32,29,12.996,-29.963,43.042,0,69.9,98.5,48,0,29.77,19,48,92.5,0.2,306,1.1
2025-06-06 20:38:01.209052+00:00,18.43,0.66,11.63,-3.17,11.66,3.7,25.34,19,12.164,-36.867,43.142,0,69.9,98.5,48,0,29.77,19,48,92.5,0.2,306,1.1
2025-06-06 20:38:39.385679+00:00,19.05,0.83,11.76,-2.01,11.78,3.36,25.35,24,15.812,-23.638,39.581,,,,,,,,,,,,
2025-06-06 20:39:13.994715+00:00,20.21,0.68,11.7,-2.09,11.74,3.28,25.35,22,13.743,-24.453,38.507,0,69.9,98.5,48,0,29.77,19,48,92.5,0.2,306,1.1
2025-06-06 20:39:51.379988+00:00,19.17,0.91,11.68,-1.75,11.68,3.26,25.34,21,17.445,-20.44,38.077,0,69.9,98.5,48,0,29.77,19,48,92.5,0.2,306,1.1
2025-06-06 20:40:29.455278+00:00,18.96,1.05,11.66,-1.44,11.66,3.18,25.33,20,19.908,-16.79,37.079,0,69.9,98.5,48,0,29.77,19,48,92.5,0.2,306,1.1
2025-06-06 20:41:07.700263+00:00,19.21,0.89,11.55,-1.75,11.55,3.32,25.31,16,17.097,-20.213,38.346,,,,,,,,,,,,
2025-06-06 20:41:43.188255+00:00,19.34,1.0,11.38,-2.53,11.36,4.23,25.29,9,19.34,-28.791,48.053,0,69.9,98.5,48,0,29.77,19,48,92.5,0.2,306,1.1
2025-06-06 20:42:23.093588+00:00,19.83,1.0,11.48,-1.38,11.48,3.12,25.28,14,19.83,-15.842,35.818,0,69.9,98.5,48,0,29.77,19,48,92.5,0.2,306,1.1
2025-06-06 20:43:01.312787+00:00,19.34,1.02,11.4,-1.34,11.4,3.08,25.28,11,19.727,-15.276,35.112,0,69.9,98.5,48,0,29.77,19,48,92.5,0.2,306,1.1
2025-06-06 20:43:39.682403+00:00,20.0,1.03,11.36,-1.24,11.36,3.06,25.26,9,20.6,-14.086,34.762,0,69.9,98.5,48,0,29.77,19,48,92.5,0.2,306,1.1
2025-06-06 20:44:17.967131+00:00,19.59,1.23,11.36,-0.91,11.33,3.04,25.25,9,24.096,-10.338,34.443,0,69.9,98.5,48,0,29.77,19,48,92.5,0.2,306,1.1
2025-06-06 20:44:56.325537+00:00,19.3,1.31,11.31,-0.77,11.31,3.02,25.25,7,25.283,-8.709,34.156,0,69.9,98.5,48,0,29.77,19,48,92.5,0.2,306,1.1
2025-06-06 20:45:35.367662+00:00,19.54,1.37,11.29,-0.58,11.31,2.96,25.24,7,26.77,-6.548,33.478,0,69.9,98.5,48,0,29.77,19,48,92.5,0.2,306,1.1
2025-06-06 20:46:13.823003+00:00,19.59,1.45,11.98,2.38,0.0,0.0,25.23,32,28.405,28.512,0.0,0,69.7,98.1,48,0,29.75,44,31,92.3,0.9,19,1.1
2025-06-06 20:46:53.825402+00:00,20.5,0.69,11.93,1.19,0.0,0.0,25.23,30,14.145,14.197,0.0,0,69.7,98.1,48,0,29.75,44,31,92.3,0.9,19,1.1
2025-06-06 20:47:32.425320+00:00,19.5,1.58,12.28,2.52,0.0,0.0,25.22,44,30.81,30.946,0.0,0,69.7,98.1,48,0,29.75,44,31,92.3,0.9,19,1.1
2025-06-06 20:48:10.462401+00:00,19.25,1.45,12.36,2.27,0.0,0.0,25.22,46,27.912,28.057,0.0,0,69.7,98.1,48,0,29.75,44,31,92.3,0.9,19,1.1
2025-06-06 20:48:48.694338+00:00,19.3,1.09,12.3,1.72,0.0,0.0,25.22,44,21.037,21.156,0.0,0,69.7,98.1,48,0,29.75,44,31,92.3,0.9,19,1.1
2025-06-06 20:49:26.773808+00:00,19.46,1.6,12.53,2.5,0.0,0.0,25.22,52,31.136,31.325,0.0,0,69.7,98.1,48,0,29.75,44,31,92.3,0.9,19,1.1
2025-06-06 20:50:04.893147+00:00,16.89,1.8,12.02,-1.91,11.85,4.45,25.23,34,30.402,-22.958,52.733,0,69.7,98.1,48,0,29.75,44,31,92.3,0.9,19,1.1
2025-06-06 20:50:44.712758+00:00,19.17,1.55,12.06,-0.08,12.06,2.64,25.26,35,29.714,-0.965,31.838,0,69.7,98.1,48,0,29.75,44,31,92.3,0.9,19,1.1
2025-06-06 20:51:23.933115+00:00,16.98,0.6,11.72,-1.72,11.72,2.6,25.27,22,10.188,-20.158,30.472,0,70.3,98.6,49,0,29.76,44,39,92.3,0,337,1.1
2025-06-06 20:52:01.972707+00:00,17.39,0.99,11.72,-1.07,11.76,2.54,25.26,22,17.216,-12.54,29.87,0,70.3,98.6,49,0,29.76,44,39,92.3,0,337,1.1
2025-06-06 20:52:40.581739+00:00,19.96,1.71,11.76,-1.16,11.78,4.07,25.24,24,34.132,-13.642,47.945,0,70.3,98.6,49,0,29.76,44,39,92.3,0,337,1.1
2025-06-06 20:53:18.328879+00:00,18.84,1.87,12.0,0.35,12.02,2.54,25.23,33,35.231,4.2,30.531,0,70.3,98.6,49,0,29.76,44,39,92.3,0,337,1.1
2025-06-06 20:53:56.338146+00:00,19.34,1.94,12.11,0.77,12.11,2.37,25.21,37,37.52,9.325,28.701,0,70.3,98.6,49,0,29.76,44,39,92.3,0,337,1.1
2025-06-06 20:54:34.120680+00:00,18.55,2.17,12.17,1.03,12.17,2.29,25.2,39,40.254,12.535,27.869,0,70.3,98.6,49,0,29.76,44,39,92.3,0,337,1.1
2025-06-06 20:55:11.864436+00:00,17.56,0.75,11.78,-1.13,11.78,2.25,25.18,25,13.17,-13.311,26.505,0,70.3,98.6,49,0,29.76,44,39,92.3,0,337,1.1
2025-06-06 20:55:49.623765+00:00,19.13,2.04,12.15,1.03,12.15,2.35,25.16,38,39.025,12.514,28.553,0,70.3,98.6,49,0,29.76,44,39,92.3,0,337,1.1
2025-06-06 20:56:28.789518+00:00,19.09,1.87,12.13,0.76,12.15,2.25,25.15,38,35.698,9.219,27.338,0,70.3,98.6,49,0,29.76,44,39,92.3,0,337,1.1
2025-06-06 20:57:06.583356+00:00,19.38,1.9,12.17,0.86,12.21,2.17,25.12,39,36.822,10.466,26.496,0,70.3,98.6,49,0,29.76,44,39,92.3,0,337,1.1
2025-06-06 20:57:45.168559+00:00,19.38,1.89,12.19,0.8,12.19,2.21,25.1,40,36.628,9.752,26.94,0,70.3,98.6,49,0,29.76,44,39,92.3,0,337,1.1
2025-06-06 20:58:23.036400+00:00,19.34,1.82,12.21,0.8,12.21,2.09,25.08,41,35.199,9.768,25.519,0,70.3,98.6,49,0,29.76,44,39,92.3,0,337,1.1
2025-06-06 20:59:00.753107+00:00,19.25,1.92,12.26,1.03,12.28,2.09,25.06,43,36.96,12.628,25.665,0,70.3,98.6,49,0,29.76,44,39,92.3,0,337,1.1
2025-06-06 20:59:38.447482+00:00,19.63,1.8,12.26,0.78,12.3,2.19,25.05,42,35.334,9.563,26.937,0,70.3,98.6,49,0,29.76,44,39,92.3,0,337,1.1
2025-06-06 21:00:16.706861+00:00,19.25,1.92,12.3,0.96,12.3,2.05,25.04,44,36.96,11.808,25.215,0,70.3,98.6,49,0,29.76,44,39,92.3,0,337,1.1
2025-06-06 21:00:54.587810+00:00,18.84,1.98,12.36,0.84,12.34,2.19,25.01,46,37.303,10.382,27.025,0,70.3,98.6,49,0,29.76,44,39,92.3,0,337,1.1
2025-06-06 21:01:35.284798+00:00,19.09,1.99,12.38,1.08,12.38,1.99,25.0,47,37.989,13.37,24.636,0,69.9,98.5,48,0,29.76,44,41,92.5,0,19,1.1
2025-06-06 21:02:13.716660+00:00,19.25,1.85,12.17,0.96,12.36,2.05,24.98,46,35.613,11.683,25.338,0,69.9,98.5,48,0,29.76,44,41,92.5,0,19,1.1
2025-06-06 21:02:51.752741+00:00,19.09,1.69,12.34,0.41,12.32,2.21,24.97,45,32.262,5.059,27.227,0,69.9,98.5,48,0,29.76,44,41,92.5,0,19,1.1
2025-06-06 21:03:29.791377+00:00,19.5,1.68,12.36,0.61,12.36,2.05,24.95,46,32.76,7.54,25.338,0,69.9,98.5,48,0,29.76,44,41,92.5,0,19,1.1
2025-06-06 21:04:07.655050+00:00,18.72,1.95,12.43,0.78,12.43,2.17,24.95,49,36.504,9.695,26.973,0,69.9,98.5,48,0,29.76,44,41,92.5,0,19,1.1
2025-06-06 21:04:45.771509+00:00,18.8,1.76,12.41,0.73,12.41,1.95,24.93,48,33.088,9.059,24.2,0,69.9,98.5,48,0,29.76,44,41,92.5,0,19,1.1
2025-06-06 21:05:23.661468+00:00,19.25,1.92,12.49,-0.19,12.28,3.16,24.92,51,36.96,-2.373,38.805,0,69.9,98.5,48,0,29.76,44,41,92.5,0,19,1.1
2025-06-06 21:06:01.936805+00:00,18.67,1.55,12.41,0.47,12.41,1.87,24.92,48,28.939,5.833,23.207,0,69.9,98.5,48,0,29.76,44,41,92.5,0,19,1.1
2025-06-06 21:06:42.182835+00:00,16.4,0.66,12.11,-0.99,12.11,1.89,24.92,37,10.824,-11.989,22.888,0,69.9,98.5,48,0,29.76,44,41,92.5,0,19,1.1
2025-06-06 21:07:19.822330+00:00,19.13,2.04,12.51,1.19,12.49,1.93,24.89,52,39.025,14.887,24.106,0,69.9,98.5,48,0,29.76,44,41,92.5,0,19,1.1
2025-06-06 21:07:57.295589+00:00,18.8,2.13,12.56,1.37,12.56,1.87,24.87,54,40.044,17.207,23.487,0,69.9,98.5,48,0,29.76,44,41,92.5,0,19,1.1
2025-06-06 21:08:34.883149+00:00,18.38,2.17,12.58,1.15,12.58,2.03,24.86,54,39.885,14.467,25.537,,,,,,,,,,,,
2025-06-06 21:09:09.377428+00:00,18.59,1.95,12.6,1.1,12.58,1.79,24.85,55,36.251,13.86,22.518,0,69.9,98.5,48,0,29.76,44,41,92.5,0,19,1.1
2025-06-06 21:09:47.362472+00:00,19.67,1.82,12.6,1.28,12.64,1.73,24.84,57,35.799,16.128,21.867,0,69.9,98.5,48,0,29.76,44,41,92.5,0,19,1.1
2025-06-06 21:10:25.785134+00:00,19.17,1.98,12.66,1.24,12.66,1.77,24.83,57,37.957,15.698,22.408,0,69.9,98.5,48,0,29.76,44,41,92.5,0,19,1.1
2025-06-06 21:11:03.757001+00:00,18.92,2.23,12.75,1.59,12.75,1.73,24.83,61,42.192,20.273,22.058,0,69.9,98.5,48,0,29.76,44,41,92.5,0,19,1.1
2025-06-06 21:11:41.644805+00:00,18.8,2.21,12.75,1.47,12.75,1.79,24.82,61,41.548,18.742,22.823,0,69.1,97.6,47,0,29.74,19,61,92.3,0,332,1.1
2025-06-06 21:12:20.987657+00:00,18.96,2.25,12.79,1.57,12.79,1.77,24.81,62,42.66,20.08,22.638,0,69.1,97.6,47,0,29.74,19,61,92.3,0,332,1.1
2025-06-06 21:12:59.255438+00:00,19.34,2.13,12.81,1.45,12.81,1.77,24.81,63,41.194,18.575,22.674,0,69.1,97.6,47,0,29.74,19,61,92.3,0,332,1.1
2025-06-06 21:13:36.985084+00:00,18.72,2.26,12.86,1.59,12.86,1.71,24.81,65,42.307,20.447,21.991,0,69.1,97.6,47,0,29.74,19,61,92.3,0,332,1.1
2025-06-06 21:14:14.883081+00:00,19.09,2.25,12.88,1.67,12.9,1.67,24.8,66,42.953,21.51,21.543,0,69.1,97.6,47,0,29.74,19,61,92.3,0,332,1.1
2025-06-06 21:14:53.510431+00:00,19.5,1.99,12.86,1.3,12.88,1.71,24.8,65,38.805,16.718,22.025,0,69.1,97.6,47,0,29.74,19,61,92.3,0,332,1.1
2025-06-06 21:15:31.322389+00:00,18.88,2.02,12.86,1.24,12.86,1.73,24.8,65,38.138,15.946,22.248,0,69.1,97.6,47,0,29.74,19,61,92.3,0,332,1.1
2025-06-06 21:16:09.212646+00:00,19.42,1.9,12.86,1.14,12.83,1.73,24.79,65,36.898,14.66,22.196,0,69.1,97.6,47,0,29.74,19,61,92.3,0,332,1.1
2025-06-06 21:16:46.836511+00:00,19.5,2.03,12.92,1.42,12.94,1.65,24.79,67,39.585,18.346,21.351,0,69.1,97.6,47,0,29.74,19,61,92.3,0,332,1.1
2025-06-06 21:17:26.093486+00:00,19.05,2.16,12.96,1.47,12.96,1.71,24.79,68,41.148,19.051,22.162,0,69.1,97.6,47,0,29.74,19,61,92.3,0,332,1.1
2025-06-06 21:18:04.247946+00:00,18.34,2.5,12.86,1.96,13.05,1.65,24.78,72,45.85,25.206,21.532,0,69.1,97.6,47,0,29.74,19,61,92.3,0,332,1.1
2025-06-06 21:18:42.129260+00:00,19.05,2.59,13.13,2.14,13.11,1.63,24.78,74,49.34,28.098,21.369,0,69.1,97.6,47,0,29.74,19,61,92.3,0,332,1.1
2025-06-06 21:19:20.749333+00:00,18.8,2.99,13.24,2.66,13.26,1.59,24.79,79,56.212,35.218,21.083,0,69.1,97.6,47,0,29.74,19,61,92.3,0,332,1.1
2025-06-06 21:19:59.360578+00:00,18.26,3.37,13.35,3.02,13.37,1.59,24.78,83,61.536,40.317,21.258,0,69.1,97.6,47,0,29.74,19,61,92.3,0,332,1.1
2025-06-06 21:20:37.496545+00:00,18.38,3.31,13.41,2.94,13.41,1.61,24.79,85,60.838,39.425,21.59,0,69.1,97.6,47,0,29.74,19,61,92.3,0,332,1.1
2025-06-06 21:21:15.583024+00:00,17.68,3.75,13.5,3.31,13.5,1.61,24.79,88,66.3,44.685,21.735,0,69.1,97.6,47,0,29.74,19,61,92.3,0,332,1.1
2025-06-06 21:21:55.353351+00:00,18.14,3.55,13.5,3.21,13.5,1.57,24.79,88,64.397,43.335,21.195,0,69.1,97.6,47,0,29.74,19,61,92.3,0,332,1.1
2025-06-06 21:22:33.459991+00:00,17.47,3.68,13.54,2.35,13.41,2.41,24.79,85,64.29,31.819,32.318,0,69.1,97.6,47,0,29.74,19,61,92.3,0,332,1.1
2025-06-06 21:23:12.405946+00:00,18.05,3.52,13.56,3.23,13.56,1.53,24.8,91,63.536,43.799,20.747,0,69.1,97.6,47,0,29.74,19,61,92.3,0,332,1.1
2025-06-06 21:23:50.100889+00:00,17.89,3.7,13.59,3.29,13.59,1.55,24.81,92,66.193,44.711,21.064,0,69.1,97.6,47,0,29.74,19,61,92.3,0,332,1.1
2025-06-06 21:24:28.255053+00:00,17.1,3.42,13.52,2.74,13.59,1.59,24.8,89,58.482,37.045,21.608,0,69.1,97.6,47,0,29.74,19,61,92.3,0,332,1.1
2025-06-06 21:25:06.495184+00:00,17.72,3.75,13.63,3.35,13.61,1.53,24.8,93,66.45,45.661,20.823,0,69.1,97.6,47,0,29.74,19,61,92.3,0,332,1.1
2025-06-06 21:25:44.658347+00:00,18.38,3.55,13.61,3.19,13.63,1.61,24.8,92,65.249,43.416,21.944,0,69.1,97.6,47,0,29.74,19,61,92.3,0,332,1.1
2025-06-06 21:26:23.041246+00:00,17.47,3.38,13.54,2.88,13.54,1.53,24.8,90,59.049,38.995,20.716,0,69.1,97.6,47,0,29.74,19,61,92.3,0,332,1.1
2025-06-06 21:27:03.554942+00:00,18.05,3.45,13.59,3.08,13.63,1.53,24.81,92,62.273,41.857,20.854,0,68.2,97.3,45,0,29.74,19,35,92.7,0,353,1.1
2025-06-06 21:27:41.946616+00:00,18.09,3.58,13.61,3.31,13.59,1.57,24.82,92,64.762,45.049,21.336,0,68.2,97.3,45,0,29.74,19,35,92.7,0,353,1.1
2025-06-06 21:28:20.501678+00:00,17.89,3.64,13.63,3.33,13.63,1.49,24.82,93,65.12,45.388,20.309,0,68.2,97.3,45,0,29.74,19,35,92.7,0,353,1.1
2025-06-06 21:28:58.128895+00:00,17.85,3.63,13.63,3.27,13.65,1.49,24.82,93,64.796,44.57,20.338,0,68.2,97.3,45,0,29.74,19,35,92.7,0,353,1.1
2025-06-06 21:29:35.968676+00:00,17.27,3.87,13.65,3.43,13.65,1.47,24.83,94,66.835,46.82,20.066,0,68.2,97.3,45,0,29.74,19,35,92.7,0,353,1.1
2025-06-06 21:30:14.319614+00:00,17.64,2.78,13.46,2.22,13.46,1.43,24.83,87,49.039,29.881,19.248,0,68.2,97.3,45,0,29.74,19,35,92.7,0,353,1.1
2025-06-06 21:30:52.228951+00:00,18.01,3.4,13.59,3.04,13.59,1.47,24.85,92,61.234,41.314,19.977,0,68.2,97.3,45,0,29.74,19,35,92.7,0,353,1.1
2025-06-06 21:31:30.086686+00:00,18.05,3.53,13.63,3.23,13.63,1.51,24.82,93,63.716,44.025,20.581,0,68.2,97.3,45,0,29.74,19,35,92.7,0,353,1.1
2025-06-06 21:32:09.723757+00:00,18.14,3.53,13.59,3.17,13.63,1.55,24.82,92,64.034,43.08,21.127,0,68.9,97.2,47,0,29.75,19,36,92.1,0,351,1.1
2025-06-06 21:32:47.960495+00:00,17.85,3.51,13.63,3.18,13.65,1.43,24.83,93,62.654,43.343,19.52,0,68.9,97.2,47,0,29.75,19,36,92.1,0,351,1.1
2025-06-06 21:33:26.731178+00:00,17.8,3.38,13.61,2.98,13.63,1.45,24.83,92,60.164,40.558,19.764,0,68.9,97.2,47,0,29.75,19,36,92.1,0,351,1.1
2025-06-06 21:34:05.204715+00:00,17.93,3.68,13.67,3.43,13.69,1.49,24.83,95,65.982,46.888,20.398,0,68.9,97.2,47,0,29.75,19,36,92.1,0,351,1.1
2025-06-06 21:34:43.059414+00:00,17.14,3.6,13.63,3.1,13.63,1.43,24.83,93,61.704,42.253,19.491,0,68.9,97.2,47,0,29.75,19,36,92.1,0,351,1.1
2025-06-06 21:35:22.689169+00:00,17.18,3.95,13.71,3.49,13.69,1.47,24.84,96,67.861,47.848,20.124,0,68.9,97.2,47,0,29.75,19,36,92.1,0,351,1.1
2025-06-06 21:36:02.311867+00:00,17.18,4.07,13.74,3.68,13.76,1.41,24.84,97,69.923,50.563,19.402,0,68.9,97.2,47,0,29.75,19,36,92.1,0,351,1.1
2025-06-06 21:36:42.043299+00:00,17.02,4.19,13.76,3.66,13.76,1.53,24.84,98,71.314,50.362,21.053,0,68.9,97.2,47,0,29.75,19,36,92.1,0,351,1.1
2025-06-06 21:37:20.636395+00:00,16.48,4.35,13.78,3.8,13.78,1.41,24.83,99,71.688,52.364,19.43,0,68.9,97.2,47,0,29.75,19,36,92.1,0,351,1.1
2025-06-06 21:37:58.457316+00:00,17.97,3.73,13.74,3.45,13.71,1.43,24.84,97,67.028,47.403,19.605,0,68.9,97.2,47,0,29.75,19,36,92.1,0,351,1.1
2025-06-06 21:38:36.562767+00:00,16.56,4.35,13.78,3.86,13.78,1.43,24.84,99,72.036,53.191,19.705,0,68.9,97.2,47,0,29.75,19,36,92.1,0,351,1.1
2025-06-06 21:39:15.029631+00:00,17.1,4.18,13.8,3.82,13.8,1.37,24.84,100,71.478,52.716,18.906,0,68.9,97.2,47,0,29.75,19,36,92.1,0,351,1.1
2025-06-06 21:39:53.141510+00:00,16.98,4.2,13.8,3.74,13.8,1.43,24.85,100,71.316,51.612,19.734,0,68.9,97.2,47,0,29.75,19,36,92.1,0,351,1.1
2025-06-06 21:40:31.013092+00:00,16.85,4.25,13.8,3.84,13.8,1.49,24.86,100,71.613,52.992,20.562,0,68.9,97.2,47,0,29.75,19,36,92.1,0,351,1.1
2025-06-06 21:41:09.724639+00:00,16.44,4.36,13.82,3.76,13.8,1.43,24.87,100,71.678,51.963,19.734,0,68.9,97.2,47,0,29.75,19,36,92.1,0,351,1.1
2025-06-06 21:41:50.356895+00:00,16.98,4.21,13.8,3.8,13.82,1.39,24.88,100,71.486,52.44,19.21,0,68.9,97.2,47,0,29.75,19,36,92.1,0,351,1.1
2025-06-06 21:42:28.851135+00:00,16.89,4.25,13.84,3.82,13.82,1.37,24.88,100,71.782,52.869,18.933,0,69.1,97.6,47,0,29.74,44,70,92.3,0,313,1.1
2025-06-06 21:43:07.919190+00:00,16.19,4.41,13.84,3.88,13.84,1.39,24.88,100,71.398,53.699,19.238,0,69.1,97.6,47,0,29.74,44,70,92.3,0,313,1.1
2025-06-06 21:43:45.977694+00:00,17.02,4.2,13.84,3.84,13.84,1.33,24.88,100,71.484,53.146,18.407,0,69.1,97.6,47,0,29.74,44,70,92.3,0,313,1.1
2025-06-06 21:44:24.134246+00:00,17.31,4.05,13.78,3.78,13.84,1.43,24.89,99,70.105,52.088,19.791,0,69.1,97.6,47,0,29.74,44,70,92.3,0,313,1.1
2025-06-06 21:45:03.056555+00:00,16.36,4.36,13.86,3.76,13.84,1.39,24.88,100,71.33,52.114,19.238,0,69.1,97.6,47,0,29.74,44,70,92.3,0,313,1.1
2025-06-06 21:45:41.128505+00:00,17.39,4.01,13.84,3.7,13.86,1.35,24.89,100,69.734,51.208,18.711,0,69.1,97.6,47,0,29.74,44,70,92.3,0,313,1.1
2025-06-06 21:46:21.039928+00:00,17.35,4.03,13.86,3.68,13.86,1.37,24.89,100,69.921,51.005,18.988,0,69.1,97.6,47,0,29.74,44,70,92.3,0,313,1.1
2025-06-06 21:46:59.097349+00:00,15.15,4.53,13.84,3.65,13.84,1.35,24.88,100,68.63,50.516,18.684,0,69.1,97.6,47,0,29.74,44,70,92.3,0,313,1.1
2025-06-06 21:47:37.124397+00:00,16.4,4.3,13.86,3.76,13.86,1.39,24.89,100,70.52,52.114,19.265,0,69.1,97.6,47,0,29.74,44,70,92.3,0,313,1.1
2025-06-06 21:48:16.400314+00:00,16.73,4.21,13.86,3.74,13.86,1.35,24.91,100,70.433,51.836,18.711,0,69.1,97.6,47,0,29.74,44,70,92.3,0,313,1.1
2025-06-06 21:48:55.196240+00:00,16.69,4.21,13.89,3.72,13.86,1.35,24.91,100,70.265,51.671,18.711,0,69.1,97.6,47,0,29.74,44,70,92.3,0,313,1.1
2025-06-06 21:49:34.249416+00:00,16.4,4.28,13.86,3.66,13.86,1.41,24.92,100,70.192,50.728,19.543,0,69.1,97.6,47,0,29.74,44,70,92.3,0,313,1.1
2025-06-06 21:50:12.279441+00:00,16.15,4.32,13.89,3.74,13.89,1.29,24.92,100,69.768,51.949,17.918,0,69.1,97.6,47,0,29.74,44,70,92.3,0,313,1.1
2025-06-06 21:50:50.563989+00:00,16.4,4.28,13.91,3.72,13.89,1.33,24.93,100,70.192,51.745,18.474,0,69.1,97.6,47,0,29.74,44,70,92.3,0,313,1.1
2025-06-06 21:51:31.812591+00:00,16.4,4.28,13.91,3.74,13.89,1.31,24.93,100,70.192,52.023,18.196,0,69.1,97.6,47,0,29.74,44,70,92.3,0,313,1.1
2025-06-06 21:52:09.962154+00:00,17.14,4.02,13.91,3.63,13.89,1.33,24.93,100,68.903,50.493,18.474,0,69.1,97.6,47,0,29.74,44,70,92.3,0,313,1.1
2025-06-06 21:52:48.047969+00:00,16.98,4.09,13.89,3.67,13.91,1.33,24.93,100,69.448,50.976,18.5,0,69.5,97.7,48,0,29.73,44,32,92.1,0,337,1.1
2025-06-06 21:53:26.247414+00:00,16.44,4.26,13.93,3.72,13.91,1.31,24.94,100,70.034,51.82,18.222,0,69.5,97.7,48,0,29.73,44,32,92.1,0,337,1.1
2025-06-06 21:54:04.003997+00:00,16.27,4.26,13.95,3.94,13.95,1.04,24.95,100,69.31,54.963,14.508,0,69.5,97.7,48,0,29.73,44,32,92.1,0,337,1.1
2025-06-06 21:54:42.709484+00:00,16.27,4.27,13.97,3.88,13.95,1.1,24.94,100,69.473,54.204,15.345,0,69.5,97.7,48,0,29.73,44,32,92.1,0,337,1.1
2025-06-06 21:55:21.069679+00:00,16.94,4.1,13.97,3.94,13.97,1.06,24.92,100,69.454,55.042,14.808,0,69.5,97.7,48,0,29.73,44,32,92.1,0,337,1.1
2025-06-06 21:56:01.629333+00:00,16.44,4.24,13.97,3.96,13.97,1.04,24.91,100,69.706,55.321,14.529,0,69.5,97.7,48,0,29.73,44,32,92.1,0,337,1.1
2025-06-06 21:56:39.519406+00:00,16.94,4.07,13.97,3.88,13.97,1.06,24.9,100,68.946,54.204,14.808,0,69.5,97.7,48,0,29.73,44,32,92.1,0,337,1.1
2025-06-06 21:57:18.590934+00:00,16.98,4.04,13.97,3.86,13.97,1.06,24.9,100,68.599,53.924,14.808,0,69.5,97.7,48,0,29.73,44,32,92.1,0,337,1.1
2025-06-06 21:57:56.514139+00:00,15.9,4.23,13.97,3.9,13.97,1.08,24.89,100,67.257,54.483,15.088,0,69.5,97.7,48,0,29.73,44,32,92.1,0,337,1.1
2025-06-06 21:58:34.889309+00:00,16.07,4.24,13.99,3.86,13.97,1.02,24.88,100,68.137,54.001,14.249,0,69.5,97.7,48,0,29.73,44,32,92.1,0,337,1.1
2025-06-06 21:59:12.943903+00:00,16.65,4.13,13.99,3.82,13.97,1.1,24.88,100,68.764,53.442,15.367,0,69.5,97.7,48,0,29.73,44,32,92.1,0,337,1.1
2025-06-06 21:59:51.154755+00:00,17.35,3.91,13.99,3.76,13.97,1.1,24.88,100,67.839,52.602,15.367,0,69.5,97.7,48,0,29.73,44,32,92.1,0,337,1.1
2025-06-06 22:00:29.390817+00:00,17.14,3.99,13.99,3.86,13.99,1.04,24.87,100,68.389,54.001,14.55,0,69.5,97.7,48,0,29.73,44,32,92.1,0,337,1.1
2025-06-06 22:01:10.542975+00:00,16.31,4.24,14.01,3.8,13.99,1.14,24.87,100,69.154,53.238,15.949,0,69.5,97.7,48,0,29.73,44,32,92.1,0,337,1.1
2025-06-06 22:01:49.182796+00:00,15.94,4.3,14.01,3.9,14.01,1.04,24.88,100,68.542,54.639,14.57,0,69.5,97.7,48,0,29.73,44,32,92.1,0,337,1.1
2025-06-06 22:02:27.539013+00:00,16.89,4.09,13.99,3.37,13.93,1.55,24.87,100,69.08,47.146,21.591,0,69.5,97.7,48,0,29.73,44,32,92.1,0,337,1.1
2025-06-06 22:03:05.447646+00:00,16.69,4.16,14.01,3.94,14.01,1.14,24.87,100,69.43,55.199,15.971,0,68.9,97.2,47,0,29.73,44,30,92.1,0,353,1.1
2025-06-06 22:03:44.323684+00:00,16.77,4.14,14.01,3.9,14.01,1.06,24.86,100,69.428,54.639,14.851,0,68.9,97.2,47,0,29.73,44,30,92.1,0,353,1.1
2025-06-06 22:04:24.037130+00:00,16.98,4.05,14.01,3.88,14.01,1.04,24.86,100,68.769,54.359,14.57,0,68.9,97.2,47,0,29.73,44,30,92.1,0,353,1.1
2025-06-06 22:05:01.874477+00:00,16.4,4.22,14.01,3.84,14.01,1.08,24.86,100,69.208,53.798,15.131,0,68.9,97.2,47,0,29.73,44,30,92.1,0,353,1.1
2025-06-06 22:05:41.545007+00:00,16.65,4.13,13.95,2.93,13.86,2.01,24.87,100,68.764,40.873,27.859,0,68.9,97.2,47,0,29.73,44,30,92.1,0,353,1.1
2025-06-06 22:06:20.588078+00:00,15.94,4.28,14.01,3.76,14.01,1.12,24.87,100,68.223,52.678,15.691,0,68.9,97.2,47,0,29.73,44,30,92.1,0,353,1.1
2025-06-06 22:06:58.398172+00:00,17.43,3.86,13.91,3.76,14.01,1.08,24.87,100,67.28,52.302,15.131,0,68.9,97.2,47,0,29.73,44,30,92.1,0,353,1.1
2025-06-06 22:07:36.491720+00:00,16.69,4.12,14.04,3.9,14.04,1.14,24.88,100,68.763,54.756,16.006,0,68.9,97.2,47,0,29.73,44,30,92.1,0,353,1.1
2025-06-06 22:08:14.678446+00:00,16.07,4.23,14.01,3.82,14.01,1.04,24.88,100,67.976,53.518,14.57,0,68.9,97.2,47,0,29.73,44,30,92.1,0,353,1.1
2025-06-06 22:08:52.589441+00:00,16.94,4.03,13.99,3.72,13.99,1.16,24.89,100,68.268,52.043,16.228,0,68.9,97.2,47,0,29.73,44,30,92.1,0,353,1.1
2025-06-06 22:09:31.648056+00:00,16.73,4.08,14.01,3.57,13.97,1.31,24.89,100,68.258,50.016,18.301,0,68.9,97.2,47,0,29.73,44,30,92.1,0,353,1.1
2025-06-06 22:10:12.124560+00:00,16.6,4.1,14.01,3.84,14.01,1.02,24.9,100,68.06,53.798,14.29,0,68.9,97.2,47,0,29.73,44,30,92.1,0,353,1.1
2025-06-06 22:10:49.899906+00:00,16.6,4.09,14.04,3.74,14.01,1.12,24.89,100,67.894,52.51,15.691,0,68.9,97.2,47,0,29.73,44,30,92.1,0,353,1.1
2025-06-06 22:11:27.720559+00:00,16.94,3.98,14.01,3.82,14.01,1.27,24.9,100,67.421,53.518,17.793,0,68.9,97.2,47,0,29.73,44,30,92.1,0,353,1.1
2025-06-06 22:12:05.666914+00:00,16.6,4.05,14.01,3.78,14.01,1.02,24.88,100,67.23,52.958,14.29,0,68.9,97.2,47,0,29.73,44,30,92.1,0,353,1.1
2025-06-06 22:12:43.595151+00:00,15.94,4.2,14.01,3.74,14.01,1.04,24.88,100,66.948,52.397,14.57,0,68.9,97.2,47,0,29.73,44,30,92.1,0,353,1.1
2025-06-06 22:13:21.568829+00:00,16.94,3.95,14.01,3.66,14.01,1.12,24.88,100,66.913,51.277,15.691,0,69.3,97.9,47,0,29.72,44,30,92.5,0,4,1.1
2025-06-06 22:14:00.941922+00:00,16.65,4.0,14.01,3.72,14.01,1.08,24.89,100,66.6,52.117,15.131,0,69.3,97.9,47,0,29.72,44,30,92.5,0,4,1.1
2025-06-06 22:14:39.398981+00:00,17.47,3.76,14.01,3.66,14.01,1.04,24.89,100,65.687,51.277,14.57,0,69.3,97.9,47,0,29.72,44,30,92.5,0,4,1.1
2025-06-06 22:15:21.352621+00:00,17.23,3.85,14.01,3.68,14.01,1.06,24.89,100,66.335,51.557,14.851,0,69.3,97.9,47,0,29.72,44,30,92.5,0,4,1.1
2025-06-06 22:15:59.931737+00:00,16.6,4.01,14.01,3.7,14.01,1.06,24.89,100,66.566,51.837,14.851,0,69.3,97.9,47,0,29.72,44,30,92.5,0,4,1.1
2025-06-06 22:16:37.814241+00:00,16.4,4.01,14.01,3.68,13.99,1.02,24.9,100,65.764,51.557,14.27,0,69.3,97.9,47,0,29.72,44,30,92.5,0,4,1.1
2025-06-06 22:17:15.852654+00:00,17.18,3.83,14.01,3.6,13.99,1.06,24.89,100,65.799,50.436,14.829,0,69.3,97.9,47,0,29.72,44,30,92.5,0,4,1.1
2025-06-06 22:17:53.908087+00:00,16.6,4.0,14.01,3.72,14.01,1.14,24.89,100,66.4,52.117,15.971,0,69.3,97.9,47,0,29.72,44,30,92.5,0,4,1.1
2025-06-06 22:18:32.320813+00:00,16.94,3.9,14.01,3.68,14.01,1.04,24.9,100,66.066,51.557,14.57,0,69.3,97.9,47,0,29.72,44,30,92.5,0,4,1.1
2025-06-06 22:19:10.735868+00:00,16.19,4.04,14.01,3.68,14.01,1.08,24.9,100,65.408,51.557,15.131,0,69.3,97.9,47,0,29.72,44,30,92.5,0,4,1.1
2025-06-06 22:19:48.908235+00:00,17.1,3.79,13.99,3.58,13.99,1.06,24.89,100,64.809,50.084,14.829,0,69.3,97.9,47,0,29.72,44,30,92.5,0,4,1.1
2025-06-06 22:20:29.274010+00:00,16.6,3.93,14.01,3.56,13.99,1.1,24.89,100,65.238,49.876,15.389,0,69.3,97.9,47,0,29.72,44,30,92.5,0,4,1.1
2025-06-06 22:21:08.031599+00:00,17.14,3.84,14.01,3.62,14.01,1.08,24.88,100,65.818,50.716,15.131,0,69.3,97.9,47,0,29.72,44,30,92.5,0,4,1.1
2025-06-06 22:21:46.113481+00:00,16.6,4.02,14.04,3.72,14.04,1.04,24.88,100,66.732,52.229,14.602,0,69.3,97.9,47,0,29.72,44,30,92.5,0,4,1.1
2025-06-06 22:22:24.300126+00:00,16.36,4.08,14.04,3.72,14.04,1.04,24.89,100,66.749,52.229,14.602,0,69.3,97.9,47,0,29.72,44,30,92.5,0,4,1.1
2025-06-06 22:23:03.555772+00:00,17.14,3.9,13.93,3.76,13.99,1.04,24.89,100,66.846,52.377,14.55,0,69.3,97.9,47,0,29.72,44,30,92.5,0,4,1.1
2025-06-06 22:23:41.818570+00:00,16.44,4.04,14.04,3.72,14.04,1.02,24.89,100,66.418,52.229,14.321,0,68.9,97.2,47,0,29.71,44,49,92.1,0,38,1.1
2025-06-06 22:24:20.883766+00:00,17.35,3.77,14.01,3.66,14.04,1.02,24.91,100,65.41,51.277,14.321,0,68.9,97.2,47,0,29.71,44,49,92.1,0,38,1.1
2025-06-06 22:25:01.005938+00:00,15.32,4.16,14.01,3.55,14.01,1.41,24.9,100,63.731,49.735,19.754,0,68.9,97.2,47,0,29.71,44,49,92.1,0,38,1.1
2025-06-06 22:25:39.037490+00:00,15.24,3.88,13.95,3.19,13.95,1.06,24.91,100,59.131,44.5,14.787,0,68.9,97.2,47,0,29.71,44,49,92.1,0,38,1.1
2025-06-06 22:26:17.331564+00:00,14.99,2.94,13.78,2.16,13.76,1.08,24.91,99,44.071,29.765,14.861,0,68.9,97.2,47,0,29.71,44,49,92.1,0,38,1.1
2025-06-06 22:26:55.332858+00:00,16.44,2.7,13.74,2.12,13.74,1.24,24.91,97,44.388,29.129,17.038,0,68.9,97.2,47,0,29.71,44,49,92.1,0,38,1.1
2025-06-06 22:27:33.759226+00:00,17.27,2.92,13.84,2.57,13.82,1.08,24.9,100,50.428,35.569,14.926,0,68.9,97.2,47,0,29.71,44,49,92.1,0,38,1.1
2025-06-06 22:28:12.491048+00:00,17.06,2.87,13.82,2.51,13.8,1.1,24.9,100,48.962,34.688,15.18,0,68.9,97.2,47,0,29.71,44,49,92.1,0,38,1.1
2025-06-06 22:28:50.510638+00:00,17.02,2.22,13.69,1.65,13.67,1.06,24.9,95,37.784,22.588,14.49,0,68.9,97.2,47,0,29.71,44,49,92.1,0,38,1.1
2025-06-06 22:29:29.706372+00:00,17.23,2.14,13.67,1.69,13.67,1.02,24.88,95,36.872,23.102,13.943,0,68.9,97.2,47,0,29.71,44,49,92.1,0,38,1.1
2025-06-06 22:30:09.663868+00:00,16.89,2.88,13.5,1.34,13.61,2.27,24.87,88,48.643,18.09,30.895,0,68.9,97.2,47,0,29.71,44,49,92.1,0,38,1.1
2025-06-06 22:30:48.980349+00:00,16.85,3.35,13.78,2.59,13.78,1.47,24.81,99,56.448,35.69,20.257,0,68.9,97.2,47,0,29.71,44,49,92.1,0,38,1.1
2025-06-06 22:31:27.300808+00:00,17.56,2.9,13.76,2.26,13.76,1.47,24.84,98,50.924,31.098,20.227,0,68.9,97.2,47,0,29.71,44,49,92.1,0,38,1.1
2025-06-06 22:32:05.962780+00:00,16.69,3.65,13.89,2.9,13.89,1.49,24.85,100,60.919,40.281,20.696,0,68.9,97.2,47,0,29.71,44,49,92.1,0,38,1.1
2025-06-06 22:32:44.334164+00:00,17.18,3.38,13.86,2.71,13.84,1.47,24.85,100,58.068,37.561,20.345,0,68.9,97.2,47,0,29.71,44,49,92.1,0,38,1.1
2025-06-06 22:33:22.903968+00:00,17.52,3.56,13.91,3.06,13.91,1.49,24.85,100,62.371,42.565,20.726,0,68.9,97.2,47,0,29.71,44,49,92.1,0,38,1.1
2025-06-06 22:34:01.398150+00:00,16.94,3.38,13.65,2.75,13.84,1.45,24.86,94,57.257,37.538,20.068,0,68.7,97.4,46,0,29.72,44,33,92.5,0,342,1.1
2025-06-06 22:34:41.654915+00:00,17.06,3.46,13.86,2.76,13.86,1.49,24.86,100,59.028,38.254,20.651,0,68.7,97.4,46,0,29.72,44,33,92.5,0,342,1.1
2025-06-06 22:35:20.311895+00:00,17.85,2.58,13.71,1.87,13.71,1.53,24.87,96,46.053,25.638,20.976,0,68.7,97.4,46,0,29.72,44,33,92.5,0,342,1.1
2025-06-06 22:35:59.637182+00:00,16.15,2.79,13.69,1.83,13.69,1.57,24.87,95,45.058,25.053,21.493,0,68.7,97.4,46,0,29.72,44,33,92.5,0,342,1.1
2025-06-06 22:36:37.890233+00:00,17.52,2.79,13.74,2.08,13.74,1.51,24.87,97,48.881,28.579,20.747,0,68.7,97.4,46,0,29.72,44,33,92.5,0,342,1.1
2025-06-06 22:37:16.762509+00:00,16.98,2.56,13.69,1.71,13.69,1.53,24.88,95,43.469,23.41,20.946,0,68.7,97.4,46,0,29.72,44,33,92.5,0,342,1.1
2025-06-06 22:37:55.157394+00:00,16.27,2.54,13.65,1.48,13.65,1.55,24.9,94,41.326,20.202,21.158,0,68.7,97.4,46,0,29.72,44,33,92.5,0,342,1.1
2025-06-06 22:38:33.351575+00:00,17.31,2.55,13.67,1.81,13.69,1.43,24.92,95,44.14,24.743,19.577,0,68.7,97.4,46,0,29.72,44,33,92.5,0,342,1.1
2025-06-06 22:39:12.173808+00:00,17.52,2.88,13.76,2.16,13.76,1.51,24.93,98,50.458,29.722,20.778,0,68.7,97.4,46,0,29.72,44,33,92.5,0,342,1.1
2025-06-06 22:39:53.356005+00:00,17.23,2.91,13.76,1.9,13.71,1.75,24.96,96,50.139,26.144,23.992,0,68.7,97.4,46,0,29.72,44,33,92.5,0,342,1.1
2025-06-06 22:40:31.874712+00:00,17.72,2.28,13.65,1.46,13.65,1.51,24.97,94,40.402,19.929,20.611,0,68.7,97.4,46,0,29.72,44,33,92.5,0,342,1.1
2025-06-06 22:41:10.292045+00:00,16.81,2.69,13.71,1.37,13.63,1.93,25.0,96,45.219,18.783,26.306,0,68.7,97.4,46,0,29.72,44,33,92.5,0,342,1.1
2025-06-06 22:41:48.780312+00:00,17.1,2.94,13.74,0.67,13.52,1.89,25.05,97,50.274,9.206,25.553,0,68.7,97.4,46,0,29.72,44,33,92.5,0,342,1.1
2025-06-06 22:42:28.436845+00:00,17.23,3.09,13.8,2.35,13.8,1.51,25.1,100,53.241,32.43,20.838,0,68.7,97.4,46,0,29.72,44,33,92.5,0,342,1.1
2025-06-06 22:43:07.547919+00:00,17.39,2.75,13.74,1.88,13.71,1.61,25.12,96,47.823,25.831,22.073,0,68.7,97.4,46,0,29.72,44,33,92.5,0,342,1.1
2025-06-06 22:43:49.272442+00:00,17.23,3.53,13.89,2.78,13.86,1.61,25.15,100,60.822,38.614,22.315,,,,,,,,,,,,
2025-06-06 22:44:24.824375+00:00,16.15,3.11,13.78,2.14,13.78,1.51,25.17,99,50.226,29.489,20.808,0,68.5,97,46,0,29.72,44,27,92.3,0,349,1.1
2025-06-06 22:45:03.704174+00:00,17.35,2.63,13.71,1.77,13.69,1.57,25.19,96,45.631,24.267,21.493,0,68.5,97,46,0,29.72,44,27,92.3,0,349,1.1
2025-06-06 22:45:43.002360+00:00,16.89,1.87,13.54,0.85,13.52,1.55,25.23,90,31.584,11.509,20.956,0,68.5,97,46,0,29.72,44,27,92.3,0,349,1.1
2025-06-06 22:46:21.596661+00:00,17.14,3.2,13.82,2.55,13.8,1.59,25.26,100,54.848,35.241,21.942,0,68.5,97,46,0,29.72,44,27,92.3,0,349,1.1
2025-06-06 22:47:00.833640+00:00,17.31,3.16,13.84,2.51,13.82,1.63,25.28,100,54.7,34.738,22.527,0,68.5,97,46,0,29.72,44,27,92.3,0,349,1.1
2025-06-06 22:47:39.450167+00:00,16.85,3.81,13.95,3.12,13.95,1.49,25.32,100,64.199,43.524,20.785,0,68.5,97,46,0,29.72,44,27,92.3,0,349,1.1
2025-06-06 22:48:19.537741+00:00,17.06,3.77,13.82,2.25,13.82,2.37,25.34,100,64.316,31.095,32.753,0,68.5,97,46,0,29.72,44,27,92.3,0,349,1.1
2025-06-06 22:49:01.084225+00:00,17.14,3.71,13.93,3.02,13.95,1.55,25.37,100,63.589,42.069,21.622,0,68.5,97,46,0,29.72,44,27,92.3,0,349,1.1
2025-06-06 22:49:43.097754+00:00,17.52,3.5,13.8,2.62,13.86,1.73,25.41,100,61.32,36.156,23.978,0,68.5,97,46,0,29.72,44,27,92.3,0,349,1.1
2025-06-06 22:50:23.223115+00:00,16.89,3.76,13.86,2.12,13.78,2.47,25.46,100,63.506,29.383,34.037,0,68.5,97,46,0,29.72,44,27,92.3,0,349,1.1
2025-06-06 22:51:05.600395+00:00,16.81,3.38,13.69,1.42,13.65,2.74,25.5,95,56.818,19.44,37.401,0,68.5,97,46,0,29.72,44,27,92.3,0,349,1.1
2025-06-06 22:51:50.452595+00:00,16.56,3.18,13.67,1.81,13.69,2.05,25.53,95,52.661,24.743,28.064,0,68.5,97,46,0,29.72,44,27,92.3,0,349,1.1
2025-06-06 22:52:31.630556+00:00,17.02,3.17,13.78,2.19,13.78,1.71,25.55,99,53.953,30.178,23.564,0,68.5,97,46,0,29.72,44,27,92.3,0,349,1.1
2025-06-06 22:53:11.113208+00:00,16.65,3.71,13.89,2.76,13.89,1.69,25.56,100,61.771,38.336,23.474,0,68.5,97,46,0,29.72,44,27,92.3,0,349,1.1
2025-06-06 22:53:50.602933+00:00,17.27,3.57,13.89,2.74,13.89,1.71,25.57,100,61.654,38.059,23.752,0,68.5,97,46,0,29.72,44,27,92.3,0,349,1.1
2025-06-06 22:54:30.334323+00:00,16.85,3.61,13.89,2.8,13.89,1.59,25.59,100,60.829,38.892,22.085,0,70.2,98.2,49,0,29.72,44,32,92.1,0,341,1.1
2025-06-06 22:55:17.323794+00:00,16.36,3.7,13.86,2.46,13.82,2.05,25.61,100,60.532,34.096,28.331,0,70.2,98.2,49,0,29.72,44,32,92.1,0,341,1.1
2025-06-06 22:55:56.952965+00:00,17.23,3.52,13.78,2.04,13.78,2.23,25.63,99,60.65,28.111,30.729,0,70.2,98.2,49,0,29.72,44,32,92.1,0,341,1.1
2025-06-06 22:56:38.404537+00:00,16.48,3.44,13.8,2.29,13.82,1.83,25.64,100,56.691,31.602,25.291,0,70.2,98.2,49,0,29.72,44,32,92.1,0,341,1.1
2025-06-06 22:57:21.282147+00:00,17.39,2.38,13.39,-0.02,13.44,3.16,25.67,85,41.388,-0.268,42.47,0,70.2,98.2,49,0,29.72,44,32,92.1,0,341,1.1
2025-06-06 22:57:47.599332+00:00,16.6,2.46,13.5,0.54,13.5,2.49,25.68,89,40.836,7.29,33.615,0,70.2,98.2,49,0,29.72,44,32,92.1,0,341,1.1
2025-06-06 22:58:26.708422+00:00,17.27,3.43,13.89,2.78,13.86,1.49,25.7,100,59.236,38.614,20.651,0,70.2,98.2,49,0,29.72,44,32,92.1,0,341,1.1
2025-06-06 22:59:28.116976+00:00,16.6,3.56,13.74,1.55,13.71,2.76,25.72,98,59.096,21.297,37.84,0,70.2,98.2,49,0,29.72,44,32,92.1,0,341,1.1
2025-06-06 23:37:30.955806+00:00,19.5,0.42,13.01,-1.74,12.98,2.37,25.58,71,8.19,-22.637,30.763,0,69.7,96.5,50,0,29.71,44,28,91,0,347,1.1
2025-06-06 23:38:11.927904+00:00,20.41,0.31,13.09,-1.08,13.11,1.55,25.57,73,6.327,-14.137,20.32,0,69.7,96.5,50,0,29.71,44,28,91,0,347,1.1
2025-06-06 23:38:51.378573+00:00,20.46,0.26,13.09,-1.06,13.11,1.47,25.57,73,5.32,-13.875,19.272,0,69.7,96.5,50,0,29.71,44,28,91,0,347,1.1
2025-06-06 23:39:30.328115+00:00,20.25,0.32,13.09,-1.56,13.01,2.07,25.56,73,6.48,-20.42,26.931,0,69.7,96.5,50,0,29.71,44,28,91,0,347,1.1
2025-06-06 23:39:49.847268+00:00,19.25,0.39,12.96,-1.66,12.96,2.25,25.57,69,7.508,-21.514,29.16,0,69.7,96.5,50,0,29.71,44,28,91,0,347,1.1
2025-06-06 23:46:18.002210+00:00,18.96,0.36,12.94,-1.98,12.9,2.51,25.62,68,6.826,-25.621,32.379,0.0,0.0,0.0,0.0,0.0,0.0,0.0,0.0,0.0,0.0,0.0,0.0
2025-06-06 23:47:54.467515+00:00,19.01,0.35,12.79,-2.71,12.77,3.24,25.67,62,6.654,-34.661,41.375,0,69.5,95.9,50,0,29.71,44,29,90.7,0,28,1.1
2025-06-06 23:55:27.569484+00:00,19.17,0.41,12.79,-2.55,12.79,3.18,25.8,62,7.86,-32.614,40.672,0,73.5,100.1,57,0,29.81,0,308,90.9,2.7,292,3.2
2025-06-06 23:56:09.606067+00:00,17.97,0.45,12.92,-2.59,12.79,3.22,25.81,67,8.086,-33.463,41.184,0,73.5,100.1,57,0,29.81,0,308,90.9,2.7,292,3.2
2025-06-06 23:56:57.631448+00:00,18.72,0.4,12.92,-1.56,12.94,2.25,25.82,67,7.488,-20.155,29.115,0,73.5,100.1,57,0,29.81,0,308,90.9,2.7,292,3.2
2025-06-06 23:57:38.540397+00:00,18.63,0.38,12.96,-0.98,13.05,1.91,25.81,69,7.079,-12.701,24.925,0,73.5,100.1,57,0,29.81,0,308,90.9,2.7,292,3.2
2025-06-06 23:58:18.575970+00:00,18.51,0.35,12.98,-1.04,13.05,1.55,25.81,72,6.479,-13.499,20.228,0,73.5,100.1,57,0,29.81,0,308,90.9,2.7,292,3.2
2025-06-06 23:58:57.786347+00:00,17.89,0.36,12.88,-1.72,12.92,2.23,25.79,66,6.44,-22.154,28.812,0,73.5,100.1,57,0,29.81,0,308,90.9,2.7,292,3.2
2025-06-06 23:59:42.632407+00:00,17.8,0.35,12.94,-2.43,12.81,2.92,25.78,68,6.23,-31.444,37.405,0,73.5,100.1,57,0,29.81,0,308,90.9,2.7,292,3.2
2025-06-07 00:00:23.685885+00:00,17.56,0.36,12.94,-1.16,13.01,1.63,25.77,71,6.322,-15.01,21.206,0,73.5,100.1,57,0,29.81,0,308,90.9,2.7,292,3.2
2025-06-07 00:01:02.837422+00:00,17.72,0.36,13.03,-1.22,13.01,1.75,25.75,71,6.379,-15.897,22.767,0,73.5,100.1,57,0,29.81,0,308,90.9,2.7,292,3.2
2025-06-07 00:01:41.745942+00:00,17.8,0.34,13.03,-1.06,13.03,1.53,25.72,71,6.052,-13.812,19.936,0,73.3,99.6,57,0,29.81,0,274,90.7,2.7,315,3.2
2025-06-07 00:02:24.701927+00:00,18.34,0.33,13.03,-2.31,12.81,2.78,25.71,71,6.052,-30.099,35.612,0,73.3,99.6,57,0,29.81,0,274,90.7,2.7,315,3.2
2025-06-07 00:03:01.447345+00:00,17.8,0.33,12.77,-2.51,12.77,2.98,25.7,62,5.874,-32.053,38.055,0,73.3,99.6,57,0,29.81,0,274,90.7,2.7,315,3.2
2025-06-07 00:03:42.769303+00:00,18.76,0.2,12.83,-1.17,13.03,1.47,25.68,64,3.752,-15.011,19.154,0,73.3,99.6,57,0,29.81,0,274,90.7,2.7,315,3.2
2025-06-07 00:04:21.798073+00:00,16.65,0.33,13.05,-1.02,13.05,1.47,25.65,72,5.494,-13.311,19.184,0,73.3,99.6,57,0,29.81,0,274,90.7,2.7,315,3.2
2025-06-07 00:05:01.294332+00:00,17.02,0.24,12.81,-1.61,12.92,1.93,25.64,66,4.085,-20.624,24.936,0,73.3,99.6,57,0,29.81,0,274,90.7,2.7,315,3.2
2025-06-07 00:05:43.903775+00:00,16.6,0.3,12.94,-1.98,12.88,2.37,25.64,68,4.98,-25.621,30.526,0,73.3,99.6,57,0,29.81,0,274,90.7,2.7,315,3.2
2025-06-07 00:06:24.084741+00:00,17.1,0.25,13.01,-1.59,12.92,1.59,25.63,71,4.275,-20.686,20.543,0,73.3,99.6,57,0,29.81,0,274,90.7,2.7,315,3.2
2025-06-07 00:07:08.178165+00:00,15.82,0.31,12.94,-1.68,12.92,2.07,25.64,68,4.904,-21.739,26.744,0,73.3,99.6,57,0,29.81,0,274,90.7,2.7,315,3.2
2025-06-07 00:07:48.363033+00:00,16.85,0.31,12.83,-1.2,12.98,1.61,25.64,64,5.224,-15.396,20.898,0,73.3,99.6,57,0,29.81,0,274,90.7,2.7,315,3.2
2025-06-07 00:08:28.100280+00:00,16.02,0.33,13.03,-1.18,13.01,1.59,25.64,71,5.287,-15.375,20.686,0,73.3,99.6,57,0,29.81,0,274,90.7,2.7,315,3.2
2025-06-07 00:09:07.190631+00:00,16.89,0.33,13.01,-1.2,12.98,1.63,25.65,71,5.574,-15.612,21.157,0,73.3,99.6,57,0,29.81,0,274,90.7,2.7,315,3.2
2025-06-07 00:09:46.749169+00:00,16.98,0.32,12.98,-1.5,12.94,1.93,25.66,69,5.434,-19.47,24.974,0,73.3,99.6,57,0,29.81,0,274,90.7,2.7,315,3.2
2025-06-07 00:10:27.137210+00:00,17.02,0.32,12.68,-2.87,12.71,3.36,25.68,59,5.446,-36.392,42.706,0,73.3,99.6,57,0,29.81,0,274,90.7,2.7,315,3.2
2025-06-07 00:11:18.438378+00:00,17.27,0.3,12.96,-1.24,12.98,1.65,25.71,69,5.181,-16.07,21.417,0,73.3,99.6,57,0,29.81,0,274,90.7,2.7,315,3.2
2025-06-07 00:12:01.196475+00:00,17.97,0.25,12.9,-2.68,12.75,3.1,25.75,66,4.492,-34.572,39.525,0,73.3,99.6,57,0,29.81,0,274,90.7,2.7,315,3.2
2025-06-07 00:12:41.627109+00:00,16.11,0.31,13.01,-1.1,13.01,1.49,25.77,71,4.994,-14.311,19.385,0,73,98.1,58,0,29.81,0,240,89.8,0,180,3.2
2025-06-07 00:13:20.701317+00:00,16.36,0.28,13.01,-1.13,13.01,1.49,25.79,71,4.581,-14.701,19.385,0,73,98.1,58,0,29.81,0,240,89.8,0,180,3.2
2025-06-07 00:14:01.741519+00:00,17.47,0.23,13.01,-1.17,13.01,1.59,25.8,69,4.018,-15.222,20.686,0,73,98.1,58,0,29.81,0,240,89.8,0,180,3.2
2025-06-07 00:14:40.586638+00:00,19.13,0.06,12.96,-1.37,12.98,1.47,25.81,69,1.148,-17.755,19.081,0,73,98.1,58,0,29.81,0,240,89.8,0,180,3.2
2025-06-07 00:15:19.730592+00:00,16.65,0.24,13.01,-1.39,12.96,1.71,25.85,71,3.996,-18.084,22.162,0,73,98.1,58,0,29.81,0,240,89.8,0,180,3.2
2025-06-07 00:15:58.804785+00:00,16.77,0.23,13.01,-1.15,13.01,1.45,25.87,71,3.857,-14.961,18.864,0,73,98.1,58,0,29.81,0,240,89.8,0,180,3.2
2025-06-07 00:16:37.693961+00:00,18.14,0.17,12.96,-1.27,12.98,1.51,25.89,69,3.084,-16.459,19.6,0,73,98.1,58,0,29.81,0,240,89.8,0,180,3.2
2025-06-07 00:17:16.471065+00:00,16.23,0.25,12.88,-2.6,12.77,2.92,25.91,66,4.058,-33.488,37.288,0,73,98.1,58,0,29.81,0,240,89.8,0,180,3.2
2025-06-07 00:18:07.003134+00:00,14.99,0.24,12.98,-1.17,12.98,1.45,25.94,69,3.598,-15.187,18.821,0,73,98.1,58,0,29.81,0,240,89.8,0,180,3.2
2025-06-07 00:18:48.328959+00:00,14.99,0.23,12.83,-1.23,12.98,1.51,25.97,64,3.448,-15.781,19.6,0,73,98.1,58,0,29.81,0,240,89.8,0,180,3.2
2025-06-07 00:19:29.342718+00:00,17.06,0.21,12.98,-1.27,12.98,1.55,26.01,69,3.583,-16.485,20.119,0,73,98.1,58,0,29.81,0,240,89.8,0,180,3.2
2025-06-07 00:20:08.623311+00:00,16.77,0.21,12.98,-1.19,12.98,1.47,26.02,69,3.522,-15.446,19.081,0,73,98.1,58,0,29.81,0,240,89.8,0,180,3.2
2025-06-07 00:20:49.840019+00:00,17.02,0.21,12.98,-1.23,12.98,1.51,26.02,69,3.574,-15.965,19.6,0,73,98.1,58,0,29.81,0,240,89.8,0,180,3.2
2025-06-07 00:21:28.810237+00:00,16.27,0.22,12.98,-1.19,12.98,1.47,26.02,69,3.579,-15.446,19.081,0,73,98.1,58,0,29.81,0,240,89.8,0,180,3.2
2025-06-07 00:22:07.979834+00:00,14.95,0.24,12.98,-1.25,12.96,1.53,26.02,69,3.588,-16.225,19.829,0,73,98.1,58,0,29.81,0,240,89.8,0,180,3.2
2025-06-07 00:22:47.558093+00:00,16.4,0.22,12.98,-1.17,12.98,1.45,26.02,69,3.608,-15.187,18.821,0,73,98.1,58,0,29.81,0,240,89.8,0,180,3.2
2025-06-07 00:23:27.263813+00:00,16.85,0.21,12.96,-1.21,12.98,1.49,26.01,69,3.538,-15.682,19.34,0,73.3,98.2,59,0,29.82,0,205,89.6,0,68,3.2
2025-06-07 00:24:06.796017+00:00,16.6,0.21,12.98,-1.25,12.96,1.49,26.01,69,3.486,-16.225,19.31,0,73.3,98.2,59,0,29.82,0,205,89.6,0,68,3.2
2025-06-07 00:24:45.981029+00:00,14.82,0.22,12.98,-1.19,12.98,1.45,25.97,69,3.26,-15.446,18.821,0,73.3,98.2,59,0,29.82,0,205,89.6,0,68,3.2
2025-06-07 00:25:27.237302+00:00,17.02,0.18,12.98,-1.21,12.98,1.45,25.97,69,3.064,-15.706,18.821,0,73.3,98.2,59,0,29.82,0,205,89.6,0,68,3.2
2025-06-07 00:26:06.609261+00:00,15.28,0.22,12.98,-1.25,12.98,1.51,25.93,69,3.362,-16.225,19.6,0,73.3,98.2,59,0,29.82,0,205,89.6,0,68,3.2
2025-06-07 00:26:45.305959+00:00,17.14,0.18,12.94,-1.41,12.94,1.67,25.93,68,3.085,-18.245,21.61,0,73.3,98.2,59,0,29.82,0,205,89.6,0,68,3.2
2025-06-07 00:27:25.030997+00:00,17.47,0.14,12.92,-1.43,12.94,1.69,25.92,67,2.446,-18.476,21.869,0,73.3,98.2,59,0,29.82,0,205,89.6,0,68,3.2
2025-06-07 00:28:05.460545+00:00,15.82,0.17,12.94,-1.33,12.96,1.47,25.91,68,2.689,-17.21,19.051,0,73.3,98.2,59,0,29.82,0,205,89.6,0,68,3.2
2025-06-07 00:28:44.481501+00:00,15.86,0.16,12.92,-1.37,12.94,1.57,25.89,67,2.538,-17.7,20.316,0,73.3,98.2,59,0,29.82,0,171,89.6,2.7,292,2.7
2025-06-07 00:29:28.702520+00:00,15.65,0.16,12.96,-1.27,12.96,1.47,25.87,69,2.504,-16.459,19.051,0,73.3,98.2,59,0,29.82,0,171,89.6,2.7,292,2.7
2025-06-07 00:30:08.305139+00:00,17.31,0.11,12.94,-1.39,12.94,1.55,25.86,68,1.904,-17.987,20.057,0,73.3,98.2,59,0,29.82,0,171,89.6,2.7,292,2.7
2025-06-07 00:30:47.380285+00:00,15.49,0.15,12.96,-1.29,12.96,1.49,25.83,69,2.324,-16.718,19.31,0,73.3,98.2,59,0,29.82,0,171,89.6,2.7,292,2.7
2025-06-07 00:31:26.289949+00:00,16.11,0.14,12.96,-1.33,12.94,1.51,25.81,69,2.255,-17.237,19.539,0,73.3,98.2,59,0,29.82,0,171,89.6,2.7,292,2.7
2025-06-07 00:32:05.679327+00:00,16.77,0.12,12.96,-1.31,12.96,1.47,25.79,69,2.012,-16.978,19.051,0,73.3,98.2,59,0,29.82,0,171,89.6,2.7,292,2.7
2025-06-07 00:32:44.780239+00:00,15.36,0.15,12.96,-1.27,12.96,1.45,25.78,69,2.304,-16.459,18.792,0,73.3,98.2,59,0,29.82,0,171,89.6,2.7,292,2.7
2025-06-07 00:33:25.705238+00:00,15.61,0.14,12.96,-1.31,12.94,1.63,25.76,69,2.185,-16.978,21.092,0,73.3,98.2,59,0,29.82,0,171,89.6,2.7,292,2.7
2025-06-07 00:34:05.049964+00:00,16.52,0.14,12.94,-1.33,12.94,1.51,25.73,68,2.313,-17.21,19.539,0,73.3,98.2,59,0,29.82,0,171,89.6,2.7,292,2.7
2025-06-07 00:34:43.749612+00:00,16.31,0.14,12.96,-1.35,12.94,1.53,25.71,69,2.283,-17.496,19.798,0,73.3,98.2,59,0,29.82,0,171,89.6,2.7,292,2.7
2025-06-07 00:35:22.619009+00:00,16.31,0.14,12.96,-1.29,12.96,1.47,25.69,69,2.283,-16.718,19.051,0,73.3,98.2,59,0,29.82,0,171,89.6,2.7,292,2.7
2025-06-07 00:36:01.581141+00:00,17.52,0.11,12.94,-1.67,12.9,1.83,25.66,68,1.927,-21.61,23.607,0,73.3,98.2,59,0,29.82,0,171,89.6,2.7,292,2.7
2025-06-07 00:36:40.695917+00:00,15.61,0.14,12.96,-1.35,12.94,1.53,25.65,69,2.185,-17.496,19.798,0,73.3,98.2,59,0,29.82,0,171,89.6,2.7,292,2.7
2025-06-07 00:37:20.662270+00:00,16.44,0.15,12.94,-1.33,12.94,1.57,25.64,68,2.466,-17.21,20.316,0,73.3,98.2,59,0,29.82,0,171,89.6,2.7,292,2.7
2025-06-07 00:38:02.110357+00:00,14.86,0.17,12.92,-1.33,12.94,1.53,25.61,67,2.526,-17.184,19.798,0,73.3,98.2,59,0,29.82,0,171,89.6,2.7,292,2.7
2025-06-07 00:38:41.437386+00:00,15.57,0.14,12.94,-1.27,12.94,1.49,25.61,68,2.18,-16.434,19.281,0,73.3,98.2,59,0,29.82,0,171,89.6,2.7,292,2.7
2025-06-07 00:39:20.211098+00:00,17.06,0.12,12.92,-1.35,12.92,1.51,25.58,67,2.047,-17.442,19.509,0,72.8,97.1,59,0,29.81,0,137,89.1,0,180,3.2
2025-06-07 00:39:59.242415+00:00,16.52,0.12,12.94,-1.29,12.94,1.45,25.56,68,1.982,-16.693,18.763,0,72.8,97.1,59,0,29.81,0,137,89.1,0,180,3.2
2025-06-07 00:40:39.205730+00:00,15.65,0.13,12.94,-1.29,12.94,1.45,25.55,68,2.034,-16.693,18.763,0,72.8,97.1,59,0,29.81,0,137,89.1,0,180,3.2
2025-06-07 00:41:18.138422+00:00,16.56,0.1,12.92,-1.37,12.92,1.51,25.53,67,1.656,-17.7,19.509,0,72.8,97.1,59,0,29.81,0,137,89.1,0,180,3.2
2025-06-07 00:41:59.146341+00:00,16.52,0.1,12.94,-1.63,12.88,1.77,25.51,68,1.652,-21.092,22.798,0,72.8,97.1,59,0,29.81,0,137,89.1,0,180,3.2
2025-06-07 00:42:38.425588+00:00,16.11,0.11,12.92,-1.43,12.92,1.57,25.48,67,1.772,-18.476,20.284,0,72.8,97.1,59,0,29.81,0,137,89.1,0,180,3.2
2025-06-07 00:43:17.315564+00:00,15.49,0.11,12.92,-1.51,12.9,1.65,25.47,67,1.704,-19.509,21.285,0,72.8,97.1,59,0,29.81,0,137,89.1,0,180,3.2
2025-06-07 00:43:56.322809+00:00,15.57,0.09,12.71,-2.56,12.73,2.09,25.45,59,1.401,-32.538,26.606,0,72.8,97.1,59,0,29.81,0,137,89.1,0,180,3.2
2025-06-07 00:44:35.809109+00:00,16.85,0.07,12.92,-1.35,12.94,1.45,25.42,67,1.18,-17.442,18.763,0,72.8,97.1,59,0,29.81,0,137,89.1,0,180,3.2
2025-06-07 00:45:14.915016+00:00,14.95,0.08,12.92,-1.37,12.92,1.47,25.4,67,1.196,-17.7,18.992,0,72.8,97.1,59,0,29.81,0,137,89.1,0,180,3.2
2025-06-07 00:45:53.532220+00:00,17.56,0.04,12.92,-1.39,12.92,1.45,25.38,67,0.702,-17.959,18.734,0,72.8,97.1,59,0,29.81,0,137,89.1,0,180,3.2
2025-06-07 00:46:34.940854+00:00,16.89,0.06,12.92,-1.37,12.92,1.47,25.38,67,1.013,-17.7,18.992,0,72.8,97.1,59,0,29.81,0,137,89.1,0,180,3.2
2025-06-07 00:47:14.257948+00:00,16.56,0.07,12.92,-1.37,12.92,1.47,25.38,67,1.159,-17.7,18.992,0,72.8,97.1,59,0,29.81,0,137,89.1,0,180,3.2
2025-06-07 00:47:53.734377+00:00,14.74,0.08,12.92,-1.37,12.92,1.47,25.36,67,1.179,-17.7,18.992,0,72.8,97.1,59,0,29.81,0,137,89.1,0,180,3.2
2025-06-07 00:48:32.643063+00:00,14.62,0.08,12.92,-2.19,12.77,2.29,25.35,67,1.17,-28.295,29.243,0,72.8,97.1,59,0,29.81,0,137,89.1,0,180,3.2
2025-06-07 00:49:11.786699+00:00,16.81,0.04,12.9,-1.41,12.9,1.47,25.34,66,0.672,-18.189,18.963,0,72.8,97.1,59,0,29.81,0,137,89.1,0,180,3.2
2025-06-07 00:49:50.763646+00:00,15.86,0.06,12.92,-1.37,12.92,1.45,25.31,67,0.952,-17.7,18.734,0,72.8,97.1,59,0,29.81,0,137,89.1,0,180,3.2
2025-06-07 00:50:27.591481+00:00,14.41,0.07,12.92,-1.49,12.9,1.57,25.3,67,1.009,-19.251,20.253,0,72,95.7,58,0,29.81,0,103,88.7,0,112,3.7
2025-06-07 00:51:09.658598+00:00,16.07,0.06,12.9,-1.37,12.92,1.45,25.3,66,0.964,-17.673,18.734,0,72,95.7,58,0,29.81,0,103,88.7,0,112,3.7
2025-06-07 00:51:48.731187+00:00,16.73,0.04,12.79,-1.47,12.9,1.53,25.27,62,0.669,-18.801,19.737,0,72,95.7,58,0,29.81,0,103,88.7,0,112,3.7
2025-06-07 00:52:27.294193+00:00,15.69,0.06,12.68,-2.66,12.68,2.74,25.24,58,0.941,-33.729,34.743,0,72,95.7,58,0,29.81,0,103,88.7,0,112,3.7
2025-06-07 00:53:06.337538+00:00,14.49,0.07,12.9,-1.41,12.88,1.51,25.23,66,1.014,-18.189,19.449,0,72,95.7,58,0,29.81,0,103,88.7,0,112,3.7
2025-06-07 00:53:45.447534+00:00,15.07,0.06,12.88,-1.43,12.88,1.51,25.24,65,0.904,-18.418,19.449,0,72,95.7,58,0,29.81,0,103,88.7,0,112,3.7
2025-06-07 00:54:24.375520+00:00,15.44,0.04,12.9,-1.37,12.9,1.43,25.23,66,0.618,-17.673,18.447,0,72,95.7,58,0,29.81,0,103,88.7,0,112,3.7
2025-06-07 00:55:04.016536+00:00,14.99,0.05,12.6,-2.94,12.62,3.0,25.22,55,0.75,-37.044,37.86,0,72,95.7,58,0,29.81,0,103,88.7,0,112,3.7
2025-06-07 00:55:46.500303+00:00,17.39,0.01,12.88,-1.47,12.9,1.49,25.17,65,0.174,-18.934,19.221,0,72,95.7,58,0,29.81,0,103,88.7,0,112,3.7
2025-06-07 00:56:25.333860+00:00,14.91,0.05,12.88,-1.47,12.88,1.53,25.19,65,0.746,-18.934,19.706,0,72,95.7,58,0,29.81,0,103,88.7,0,112,3.7
2025-06-07 00:57:01.658235+00:00,15.15,0.05,12.88,-1.43,12.88,1.49,25.19,65,0.758,-18.418,19.191,0,72,95.7,58,0,29.81,0,103,88.7,0,112,3.7
2025-06-07 00:57:37.608969+00:00,15.65,0.04,12.88,-1.37,12.88,1.51,25.17,65,0.626,-17.646,19.449,0,72,95.7,58,0,29.81,0,103,88.7,0,112,3.7
2025-06-07 00:58:15.772613+00:00,16.4,0.03,12.88,-1.47,12.88,1.51,25.13,65,0.492,-18.934,19.449,0,72,95.7,58,0,29.81,0,103,88.7,0,112,3.7
2025-06-07 00:58:54.522582+00:00,16.73,0.01,12.88,-1.47,12.88,1.49,25.14,65,0.167,-18.934,19.191,0,72,95.7,58,0,29.81,0,103,88.7,0,112,3.7
2025-06-07 00:59:33.057476+00:00,16.27,0.03,12.81,-1.43,12.88,1.47,25.12,63,0.488,-18.318,18.934,0,72,95.7,58,0,29.81,0,103,88.7,0,112,3.7
2025-06-07 01:00:13.750230+00:00,15.57,0.03,12.86,-1.43,12.88,1.47,25.13,65,0.467,-18.39,18.934,0,71.7,94.9,58,0,29.81,0,68,88.3,0,248,2.2
2025-06-07 01:00:52.467235+00:00,14.62,0.03,12.88,-1.51,12.86,1.55,25.14,65,0.439,-19.449,19.933,0,71.7,94.9,58,0,29.81,0,68,88.3,0,248,2.2
2025-06-07 01:01:30.934424+00:00,14.41,0.03,12.86,-1.47,12.86,1.51,25.15,65,0.432,-18.904,19.419,0,71.7,94.9,58,0,29.81,0,68,88.3,0,248,2.2
2025-06-07 01:02:09.846164+00:00,15.36,0.03,12.86,-1.39,12.86,1.43,25.16,65,0.461,-17.875,18.39,0,71.7,94.9,58,0,29.81,0,68,88.3,0,248,2.2
